hour_of_day,day_of_week,day_name,active_orders,active_items,order_size,is_peak_hour,is_weekend,wait_time_mins
16,4,Fri,23,0,5,0,0,55.7
13,4,Fri,22,9,6,1,0,60.0
22,6,Sun,1,42,1,0,1,28.2
20,0,Mon,18,15,7,1,0,60.0
17,2,Wed,0,45,3,0,0,24.2
22,3,Thu,24,7,6,0,0,57.4
14,1,Tue,6,55,7,1,0,59.1
16,4,Fri,16,48,3,0,0,51.9
19,5,Sat,2,24,6,1,1,32.5
12,5,Sat,19,49,4,1,1,60.0
16,3,Thu,19,11,5,0,0,48.9
20,5,Sat,20,24,2,1,1,60.0
20,2,Wed,2,16,5,1,0,28.3
17,5,Sat,2,59,1,0,1,32.4
14,1,Tue,16,25,7,1,0,60.0
13,1,Tue,6,45,2,1,0,45.0
17,4,Fri,13,47,3,0,0,45.2
17,0,Mon,16,13,4,0,0,43.2
12,6,Sun,17,40,4,1,1,60.0
15,2,Wed,12,35,3,0,0,40.9
14,4,Fri,19,56,1,1,0,60.0
11,2,Wed,19,22,3,0,0,49.4
17,0,Mon,20,42,6,0,0,59.8
21,5,Sat,17,5,7,1,1,60.0
15,5,Sat,3,46,7,0,1,43.9
11,6,Sun,0,4,1,0,1,6.3
21,0,Mon,17,42,2,1,0,60.0
14,4,Fri,0,24,3,1,0,19.9
10,6,Sun,12,17,1,0,1,40.2
21,0,Mon,19,12,7,1,0,60.0
19,3,Thu,19,42,2,1,0,60.0
15,1,Tue,22,13,3,0,0,56.2
22,6,Sun,9,27,4,0,1,38.9
21,6,Sun,10,17,3,1,1,57.3
18,4,Fri,8,58,5,0,0,42.0
10,2,Wed,8,59,3,0,0,43.7
20,3,Thu,4,56,5,1,0,55.1
20,4,Fri,0,27,2,1,0,21.0
19,0,Mon,16,50,3,1,0,60.0
21,0,Mon,21,55,2,1,0,60.0
21,0,Mon,1,26,2,1,0,24.4
12,0,Mon,23,31,7,1,0,60.0
21,2,Wed,12,46,1,1,0,57.3
16,3,Thu,8,8,2,0,0,22.4
13,5,Sat,3,39,2,1,1,45.1
18,1,Tue,4,31,7,0,0,30.5
12,2,Wed,10,19,7,1,0,47.9
14,2,Wed,23,27,3,1,0,60.0
12,5,Sat,18,32,7,1,1,60.0
16,5,Sat,20,3,3,0,1,53.8
14,1,Tue,2,45,4,1,0,42.2
18,1,Tue,11,56,7,0,0,48.8
16,5,Sat,18,33,1,0,1,57.8
11,0,Mon,18,47,2,0,0,55.4
13,2,Wed,12,2,1,1,0,40.0
18,4,Fri,6,25,5,0,0,26.5
21,1,Tue,14,7,7,1,0,57.5
11,1,Tue,22,5,2,0,0,47.7
19,5,Sat,6,15,1,1,1,39.0
18,3,Thu,7,23,7,0,0,33.2
19,4,Fri,4,47,7,1,0,48.8
14,4,Fri,20,38,4,1,0,60.0
11,1,Tue,13,29,4,0,0,41.4
13,0,Mon,3,44,2,1,0,39.1
21,3,Thu,22,12,5,1,0,60.0
21,4,Fri,9,4,4,1,0,38.0
16,1,Tue,19,24,4,0,0,49.3
21,4,Fri,14,19,5,1,0,55.3
22,6,Sun,17,53,1,0,1,60.0
17,3,Thu,19,17,4,0,0,49.4
12,3,Thu,12,46,3,1,0,60.0
10,6,Sun,7,17,6,0,1,34.8
13,2,Wed,8,1,6,1,0,37.5
11,6,Sun,15,9,4,0,1,44.4
17,5,Sat,18,54,1,0,1,60.0
13,5,Sat,15,44,7,1,1,60.0
11,1,Tue,6,49,1,0,0,34.7
15,3,Thu,13,46,2,0,0,46.8
15,2,Wed,13,11,3,0,0,36.0
19,2,Wed,24,46,1,1,0,60.0
13,4,Fri,3,12,5,1,0,28.6
15,4,Fri,14,49,3,0,0,48.3
22,6,Sun,2,46,6,0,1,37.8
11,2,Wed,4,56,3,0,0,34.3
19,6,Sun,0,54,5,1,1,44.7
21,6,Sun,2,10,4,1,1,22.6
11,4,Fri,14,18,5,0,0,44.3
19,3,Thu,23,34,5,1,0,60.0
13,6,Sun,7,38,4,1,1,55.7
17,0,Mon,3,52,4,0,0,31.9
16,3,Thu,1,25,4,0,0,19.2
21,2,Wed,23,45,4,1,0,60.0
18,2,Wed,23,13,4,0,0,51.2
17,6,Sun,9,53,5,0,1,50.8
14,3,Thu,3,44,2,1,0,40.9
22,4,Fri,2,43,2,0,0,25.0
11,4,Fri,1,23,1,0,0,18.4
14,5,Sat,24,40,2,1,1,60.0
17,2,Wed,16,0,6,0,0,43.1
19,1,Tue,22,50,2,1,0,60.0
18,5,Sat,20,42,5,0,1,60.0
21,4,Fri,23,54,4,1,0,60.0
21,3,Thu,19,21,4,1,0,60.0
21,4,Fri,22,22,7,1,0,60.0
22,3,Thu,12,55,7,0,0,51.0
18,5,Sat,4,53,7,0,1,45.9
22,2,Wed,20,18,5,0,0,51.6
22,4,Fri,8,17,6,0,0,32.2
10,6,Sun,24,11,2,0,1,60.0
18,3,Thu,24,54,5,0,0,60.0
16,2,Wed,21,27,1,0,0,50.7
18,1,Tue,5,27,4,0,0,28.2
17,3,Thu,4,59,7,0,0,35.1
10,5,Sat,24,58,3,0,1,60.0
21,1,Tue,9,32,1,1,0,48.7
17,1,Tue,7,18,7,0,0,30.5
17,0,Mon,6,27,6,0,0,29.6
20,4,Fri,6,58,1,1,0,50.2
12,3,Thu,5,51,5,1,0,49.9
10,1,Tue,20,48,2,0,0,59.3
17,0,Mon,19,36,4,0,0,54.9
12,5,Sat,2,25,6,1,1,31.1
12,2,Wed,18,34,6,1,0,60.0
10,6,Sun,21,33,3,0,1,60.0
20,6,Sun,14,34,1,1,1,60.0
14,3,Thu,3,39,3,1,0,26.1
19,1,Tue,11,15,2,1,0,45.6
16,6,Sun,5,37,7,0,1,39.1
19,4,Fri,18,12,2,1,0,57.7
18,6,Sun,3,22,7,0,1,30.8
21,6,Sun,14,59,3,1,1,60.0
16,6,Sun,8,53,4,0,1,49.3
18,0,Mon,4,21,2,0,0,21.0
17,1,Tue,12,15,3,0,0,32.5
21,4,Fri,22,27,1,1,0,60.0
11,1,Tue,17,47,3,0,0,51.8
10,3,Thu,4,34,3,0,0,22.6
16,3,Thu,24,59,5,0,0,60.0
16,3,Thu,15,44,2,0,0,47.2
17,5,Sat,18,45,4,0,1,60.0
14,6,Sun,13,7,4,1,1,57.5
12,5,Sat,24,43,5,1,1,60.0
21,0,Mon,15,54,7,1,0,60.0
17,3,Thu,14,54,6,0,0,53.7
15,4,Fri,21,21,7,0,0,59.9
20,1,Tue,3,20,4,1,0,35.3
12,6,Sun,6,25,3,1,1,46.2
10,2,Wed,15,39,5,0,0,50.0
12,4,Fri,23,20,1,1,0,60.0
14,6,Sun,21,24,2,1,1,60.0
12,5,Sat,20,40,2,1,1,60.0
10,5,Sat,21,0,2,0,1,53.5
14,4,Fri,20,5,3,1,0,60.0
19,5,Sat,7,22,1,1,1,42.6
16,3,Thu,16,50,5,0,0,53.6
16,0,Mon,15,22,5,0,0,44.5
20,1,Tue,22,42,2,1,0,60.0
18,0,Mon,9,42,1,0,0,36.1
19,6,Sun,9,22,1,1,1,56.6
19,1,Tue,1,31,1,1,0,22.7
21,1,Tue,8,29,4,1,0,47.1
22,0,Mon,16,12,4,0,0,43.9
12,4,Fri,10,42,2,1,0,56.8
16,1,Tue,9,17,1,0,0,27.0
10,0,Mon,21,22,6,0,0,53.0
13,1,Tue,24,14,1,1,0,60.0
22,2,Wed,16,32,5,0,0,49.7
13,4,Fri,3,20,5,1,0,30.4
14,3,Thu,15,56,2,1,0,60.0
16,1,Tue,19,38,6,0,0,58.1
16,2,Wed,14,22,1,0,0,38.7
22,3,Thu,24,26,7,0,0,60.0
20,3,Thu,20,44,6,1,0,60.0
22,6,Sun,4,43,2,0,1,33.9
13,1,Tue,5,17,5,1,0,34.3
22,0,Mon,16,23,7,0,0,50.4
16,1,Tue,0,50,5,0,0,24.7
20,2,Wed,24,46,4,1,0,60.0
12,3,Thu,18,39,2,1,0,60.0
15,1,Tue,3,50,2,0,0,27.1
21,0,Mon,16,41,1,1,0,60.0
11,6,Sun,8,6,1,0,1,24.4
19,1,Tue,23,49,4,1,0,60.0
22,4,Fri,1,47,7,0,0,24.5
18,6,Sun,7,19,3,0,1,29.0
14,0,Mon,14,26,6,1,0,60.0
15,2,Wed,6,5,3,0,0,21.1
21,3,Thu,5,26,3,1,0,36.5
21,1,Tue,0,8,2,1,0,13.6
21,0,Mon,14,52,6,1,0,60.0
21,6,Sun,22,44,2,1,1,60.0
13,4,Fri,6,56,6,1,0,57.7
20,0,Mon,24,30,5,1,0,60.0
19,5,Sat,16,20,2,1,1,60.0
16,4,Fri,1,25,2,0,0,19.3
21,6,Sun,8,39,2,1,1,60.0
18,2,Wed,8,47,7,0,0,39.4
16,3,Thu,12,44,4,0,0,45.6
10,6,Sun,5,12,2,0,1,31.4
10,2,Wed,5,48,1,0,0,30.2
18,1,Tue,19,22,1,0,0,47.2
20,0,Mon,19,19,6,1,0,60.0
18,5,Sat,20,36,5,0,1,60.0
13,4,Fri,2,53,4,1,0,43.1
22,4,Fri,16,52,7,0,0,55.3
18,0,Mon,16,27,6,0,0,49.0
12,5,Sat,11,16,1,1,1,44.1
16,0,Mon,15,27,4,0,0,44.5
15,1,Tue,14,40,4,0,0,45.2
17,2,Wed,12,1,5,0,0,33.6
20,6,Sun,22,24,4,1,1,60.0
18,4,Fri,0,57,2,0,0,23.5
14,1,Tue,16,49,4,1,0,60.0
10,2,Wed,2,40,5,0,0,25.2
12,1,Tue,14,5,6,1,0,49.1
19,5,Sat,3,10,5,1,1,33.5
21,4,Fri,3,56,7,1,0,48.2
17,6,Sun,17,37,5,0,1,60.0
20,0,Mon,16,5,1,1,0,49.1
15,0,Mon,18,44,2,0,0,56.9
17,2,Wed,10,10,1,0,0,24.1
18,6,Sun,19,13,6,0,1,60.0
13,3,Thu,2,1,3,1,0,16.4
10,5,Sat,7,39,6,0,1,44.2
10,2,Wed,13,2,2,0,0,30.3
19,3,Thu,0,54,4,1,0,34.7
13,1,Tue,13,52,5,1,0,60.0
21,5,Sat,1,34,3,1,1,36.6
16,1,Tue,22,32,2,0,0,53.8
11,6,Sun,3,23,1,0,1,23.1
12,4,Fri,23,18,5,1,0,60.0
10,5,Sat,18,17,6,0,1,60.0
14,3,Thu,5,48,1,1,0,43.8
10,4,Fri,24,51,2,0,0,60.0
17,0,Mon,0,23,2,0,0,15.7
10,3,Thu,16,44,6,0,0,54.3
20,2,Wed,7,34,3,1,0,48.4
10,0,Mon,18,0,6,0,0,42.9
11,0,Mon,20,35,4,0,0,60.0
11,2,Wed,0,24,1,0,0,8.6
21,5,Sat,4,44,3,1,1,47.6
15,0,Mon,15,48,5,0,0,49.0
16,6,Sun,5,59,7,0,1,52.6
14,3,Thu,7,42,4,1,0,48.3
10,4,Fri,12,33,3,0,0,39.8
10,0,Mon,15,24,7,0,0,48.5
12,3,Thu,2,15,7,1,0,30.1
11,1,Tue,18,33,1,0,0,47.3
14,3,Thu,11,28,2,1,0,46.3
21,4,Fri,15,18,5,1,0,60.0
19,3,Thu,10,22,6,1,0,52.6
15,2,Wed,9,18,1,0,0,29.2
16,4,Fri,24,24,4,0,0,60.0
13,5,Sat,19,15,7,1,1,60.0
16,1,Tue,3,53,4,0,0,31.0
20,2,Wed,11,50,7,1,0,60.0
17,5,Sat,22,8,2,0,1,59.0
20,3,Thu,1,0,2,1,0,6.3
10,4,Fri,23,41,5,0,0,60.0
15,1,Tue,21,18,6,0,0,56.1
17,2,Wed,18,32,5,0,0,53.6
14,5,Sat,24,33,2,1,1,60.0
13,5,Sat,4,15,2,1,1,29.5
11,1,Tue,7,43,4,0,0,35.8
15,6,Sun,6,39,2,0,1,33.6
15,3,Thu,13,54,3,0,0,48.7
20,1,Tue,23,17,7,1,0,60.0
10,5,Sat,22,33,1,0,1,60.0
18,0,Mon,2,24,2,0,0,21.3
21,2,Wed,17,44,5,1,0,60.0
20,1,Tue,15,5,6,1,0,56.6
15,6,Sun,22,20,7,0,1,60.0
22,5,Sat,18,57,7,0,1,60.0
12,3,Thu,18,5,6,1,0,60.0
13,5,Sat,17,31,6,1,1,60.0
21,3,Thu,19,40,7,1,0,60.0
20,1,Tue,15,47,3,1,0,60.0
13,3,Thu,7,42,5,1,0,48.0
12,4,Fri,0,38,3,1,0,23.1
19,4,Fri,16,30,2,1,0,60.0
12,4,Fri,11,41,1,1,0,54.5
12,6,Sun,20,9,6,1,1,60.0
13,6,Sun,10,29,5,1,1,60.0
16,0,Mon,4,56,6,0,0,39.7
13,6,Sun,11,51,3,1,1,60.0
18,1,Tue,16,17,4,0,0,41.3
10,5,Sat,5,59,2,0,1,42.5
17,5,Sat,0,23,1,0,1,13.1
16,0,Mon,4,51,2,0,0,27.0
11,6,Sun,24,8,4,0,1,60.0
17,3,Thu,13,30,1,0,0,35.4
10,0,Mon,4,14,4,0,0,20.5
20,3,Thu,21,3,2,1,0,60.0
21,3,Thu,23,39,3,1,0,60.0
18,2,Wed,0,8,7,0,0,12.1
18,5,Sat,17,44,2,0,1,60.0
11,4,Fri,15,8,2,0,0,35.0
16,6,Sun,8,25,2,0,1,36.7
19,3,Thu,18,3,5,1,0,59.5
12,2,Wed,21,16,4,1,0,60.0
16,5,Sat,4,15,4,0,1,23.6
21,4,Fri,1,14,6,1,0,18.6
19,3,Thu,14,34,4,1,0,60.0
18,3,Thu,6,56,6,0,0,39.3
13,0,Mon,3,51,5,1,0,47.4
21,0,Mon,0,4,3,1,0,10.2
10,5,Sat,12,54,6,0,1,57.0
11,4,Fri,19,4,2,0,0,44.7
10,3,Thu,21,19,3,0,0,49.3
21,5,Sat,6,14,7,1,1,47.1
14,5,Sat,14,17,5,1,1,60.0
14,1,Tue,22,46,4,1,0,60.0
20,6,Sun,13,1,6,1,1,57.8
16,0,Mon,22,28,2,0,0,53.5
18,4,Fri,18,12,1,0,0,42.9
18,3,Thu,21,3,7,0,0,50.3
12,5,Sat,23,41,1,1,1,60.0
12,3,Thu,19,44,3,1,0,60.0
12,1,Tue,23,9,4,1,0,60.0
13,4,Fri,17,30,1,1,0,60.0
17,5,Sat,9,40,3,0,1,46.0
15,3,Thu,8,7,5,0,0,25.0
17,0,Mon,24,2,3,0,0,52.6
10,6,Sun,7,47,7,0,1,45.7
17,1,Tue,9,45,3,0,0,35.0
13,4,Fri,16,8,7,1,0,60.0
20,1,Tue,1,29,3,1,0,29.5
10,0,Mon,5,52,2,0,0,32.5
17,4,Fri,4,10,3,0,0,16.0
13,1,Tue,8,34,6,1,0,50.2
15,2,Wed,4,36,3,0,0,26.3
17,0,Mon,17,41,2,0,0,46.9
13,0,Mon,19,12,2,1,0,60.0
12,0,Mon,8,35,5,1,0,49.6
18,2,Wed,16,55,7,0,0,55.9
12,2,Wed,16,12,4,1,0,55.0
18,3,Thu,11,11,1,0,0,31.5
22,5,Sat,6,36,1,0,1,32.4
11,6,Sun,2,9,3,0,1,20.7
11,1,Tue,9,59,5,0,0,48.0
11,3,Thu,1,55,3,0,0,28.9
15,1,Tue,24,8,1,0,0,50.7
12,6,Sun,2,51,7,1,1,45.9
22,5,Sat,15,6,7,0,1,51.4
18,2,Wed,1,1,7,0,0,19.7
13,5,Sat,23,53,2,1,1,60.0
10,2,Wed,9,55,4,0,0,38.5
13,6,Sun,5,59,5,1,1,60.0
10,5,Sat,21,22,2,0,1,60.0
14,3,Thu,10,38,4,1,0,51.8
13,4,Fri,22,39,5,1,0,60.0
17,3,Thu,6,38,5,0,0,33.0
17,1,Tue,14,20,1,0,0,35.8
16,3,Thu,5,22,2,0,0,26.5
12,6,Sun,19,28,5,1,1,60.0
10,0,Mon,8,13,6,0,0,31.4
10,1,Tue,21,25,7,0,0,58.5
21,5,Sat,19,50,5,1,1,60.0
20,1,Tue,11,4,4,1,0,38.5
12,4,Fri,18,54,1,1,0,60.0
15,2,Wed,19,30,3,0,0,54.0
16,5,Sat,2,24,7,0,1,29.5
15,1,Tue,14,30,1,0,0,39.6
15,5,Sat,1,49,3,0,1,31.3
15,5,Sat,20,19,2,0,1,60.0
22,5,Sat,1,43,2,0,1,31.3
12,2,Wed,21,54,5,1,0,60.0
15,6,Sun,2,16,6,0,1,22.2
17,3,Thu,5,44,2,0,0,29.4
20,5,Sat,14,1,5,1,1,60.0
20,0,Mon,9,24,7,1,0,54.3
11,6,Sun,8,12,1,0,1,25.2
14,4,Fri,0,57,2,1,0,35.0
10,2,Wed,15,38,1,0,0,42.8
21,1,Tue,5,27,1,1,0,31.0
10,2,Wed,8,41,6,0,0,40.6
14,1,Tue,3,54,2,1,0,42.7
21,2,Wed,1,5,1,1,0,11.4
22,1,Tue,3,2,6,0,0,17.9
12,5,Sat,0,57,6,1,1,47.4
13,3,Thu,18,34,2,1,0,60.0
12,1,Tue,24,17,6,1,0,60.0
10,1,Tue,9,10,2,0,0,24.9
10,0,Mon,20,53,2,0,0,60.0
21,1,Tue,14,19,3,1,0,59.1
21,0,Mon,21,4,1,1,0,60.0
22,4,Fri,18,18,4,0,0,51.8
14,5,Sat,15,21,2,1,1,60.0
15,0,Mon,20,58,1,0,0,58.9
12,3,Thu,23,59,7,1,0,60.0
21,6,Sun,21,18,6,1,1,60.0
18,5,Sat,3,46,5,0,1,35.3
14,0,Mon,1,15,2,1,0,22.7
17,5,Sat,24,23,6,0,1,60.0
22,5,Sat,12,40,6,0,1,57.3
10,5,Sat,0,3,6,0,1,17.3
14,4,Fri,16,14,6,1,0,60.0
12,3,Thu,12,24,6,1,0,52.6
21,2,Wed,3,43,2,1,0,32.5
10,2,Wed,6,54,7,0,0,39.5
13,0,Mon,16,34,4,1,0,60.0
22,5,Sat,8,54,3,0,1,45.5
14,0,Mon,3,13,6,1,0,32.1
16,4,Fri,18,48,6,0,0,57.9
10,4,Fri,0,18,3,0,0,14.5
12,1,Tue,9,37,7,1,0,57.3
11,4,Fri,3,35,7,0,0,32.8
18,1,Tue,8,6,2,0,0,21.6
19,3,Thu,12,29,1,1,0,57.3
15,0,Mon,13,18,5,0,0,38.6
19,6,Sun,9,48,5,1,1,60.0
12,3,Thu,5,24,1,1,0,30.8
17,4,Fri,15,15,2,0,0,45.4
17,3,Thu,5,46,5,0,0,35.6
11,3,Thu,16,53,7,0,0,59.3
15,3,Thu,9,39,3,0,0,38.1
16,4,Fri,17,50,1,0,0,50.3
11,6,Sun,21,7,7,0,1,60.0
20,5,Sat,17,17,4,1,1,60.0
19,3,Thu,2,27,2,1,0,31.8
11,1,Tue,19,15,1,0,0,44.7
19,4,Fri,20,51,5,1,0,60.0
10,3,Thu,24,18,2,0,0,53.7
17,6,Sun,14,41,3,0,1,55.7
10,5,Sat,14,16,2,0,1,45.6
18,4,Fri,3,44,2,0,0,23.6
20,2,Wed,8,12,3,1,0,38.5
15,5,Sat,18,6,6,0,1,56.2
16,1,Tue,23,26,3,0,0,59.8
22,3,Thu,16,9,7,0,0,47.3
19,6,Sun,10,33,2,1,1,59.6
16,2,Wed,24,35,3,0,0,60.0
19,6,Sun,8,24,6,1,1,54.0
12,2,Wed,9,5,7,1,0,48.5
11,4,Fri,17,23,1,0,0,44.0
18,2,Wed,19,17,3,0,0,51.4
17,1,Tue,12,22,3,0,0,37.8
22,1,Tue,7,5,2,0,0,23.0
21,0,Mon,6,28,7,1,0,48.3
19,1,Tue,16,24,1,1,0,55.7
16,5,Sat,20,54,4,0,1,60.0
18,2,Wed,22,16,4,0,0,51.7
13,1,Tue,14,45,5,1,0,60.0
22,4,Fri,19,23,3,0,0,51.0
13,6,Sun,14,10,3,1,1,58.4
10,6,Sun,0,25,1,0,1,17.8
17,0,Mon,24,50,6,0,0,60.0
21,6,Sun,13,33,4,1,1,60.0
12,2,Wed,4,27,5,1,0,35.0
16,0,Mon,10,2,1,0,0,22.7
21,2,Wed,15,10,3,1,0,50.0
11,4,Fri,1,37,4,0,0,21.5
11,0,Mon,7,13,7,0,0,26.1
16,3,Thu,10,50,5,0,0,42.9
15,5,Sat,17,25,2,0,1,57.2
12,5,Sat,2,47,4,1,1,45.6
18,2,Wed,0,20,5,0,0,14.6
19,6,Sun,10,53,1,1,1,60.0
22,3,Thu,15,55,2,0,0,51.2
15,0,Mon,17,38,5,0,0,56.9
19,3,Thu,15,29,5,1,0,60.0
19,3,Thu,22,58,3,1,0,60.0
15,6,Sun,9,7,6,0,1,38.8
10,0,Mon,17,50,4,0,0,55.1
13,4,Fri,5,19,3,1,0,32.4
19,6,Sun,18,47,7,1,1,60.0
15,3,Thu,3,31,2,0,0,18.8
15,3,Thu,12,21,6,0,0,42.0
20,4,Fri,23,58,5,1,0,60.0
21,3,Thu,13,6,3,1,0,46.5
14,3,Thu,2,8,6,1,0,23.9
10,3,Thu,9,44,7,0,0,43.1
17,5,Sat,5,0,4,0,1,22.5
14,6,Sun,0,28,7,1,1,35.2
21,1,Tue,22,7,2,1,0,60.0
21,6,Sun,23,55,1,1,1,60.0
21,4,Fri,13,53,3,1,0,60.0
14,3,Thu,7,3,2,1,0,27.8
16,6,Sun,18,34,1,0,1,58.9
13,5,Sat,13,58,3,1,1,60.0
15,4,Fri,9,2,2,0,0,23.0
22,2,Wed,16,53,7,0,0,56.1
13,6,Sun,8,44,2,1,1,56.4
12,2,Wed,5,39,6,1,0,46.5
16,3,Thu,10,6,7,0,0,34.4
17,5,Sat,24,26,3,0,1,60.0
13,5,Sat,6,0,2,1,1,33.4
22,6,Sun,16,26,5,0,1,59.4
11,4,Fri,0,15,3,0,0,12.5
21,4,Fri,21,37,2,1,0,60.0
19,5,Sat,4,6,6,1,1,34.4
12,4,Fri,8,43,1,1,0,47.2
10,5,Sat,17,22,1,0,1,55.2
17,6,Sun,23,40,5,0,1,60.0
12,1,Tue,20,58,3,1,0,60.0
21,5,Sat,1,10,6,1,1,28.6
19,2,Wed,10,41,2,1,0,55.2
16,4,Fri,5,52,2,0,0,29.3
19,5,Sat,7,32,1,1,1,50.2
14,5,Sat,3,49,6,1,1,55.6
19,6,Sun,17,35,7,1,1,60.0
14,4,Fri,10,36,5,1,0,53.8
16,1,Tue,4,40,1,0,0,27.4
18,6,Sun,14,58,1,0,1,58.9
21,1,Tue,17,16,5,1,0,60.0
14,6,Sun,1,34,3,1,1,44.0
10,4,Fri,21,47,2,0,0,60.0
19,0,Mon,10,4,3,1,0,40.3
19,4,Fri,24,47,6,1,0,60.0
10,4,Fri,12,31,7,0,0,45.5
11,1,Tue,3,2,4,0,0,14.0
15,1,Tue,21,51,4,0,0,60.0
18,4,Fri,6,46,4,0,0,35.9
17,4,Fri,10,34,5,0,0,40.9
22,4,Fri,21,51,1,0,0,57.0
14,1,Tue,23,13,7,1,0,60.0
10,4,Fri,3,47,3,0,0,27.4
22,4,Fri,14,30,2,0,0,42.7
16,3,Thu,0,30,4,0,0,20.1
14,0,Mon,22,16,3,1,0,60.0
15,2,Wed,2,59,4,0,0,29.4
22,0,Mon,13,23,7,0,0,47.2
16,3,Thu,5,51,4,0,0,32.0
12,2,Wed,17,22,2,1,0,60.0
21,6,Sun,24,17,6,1,1,60.0
19,4,Fri,0,49,6,1,0,41.2
12,3,Thu,5,53,7,1,0,52.4
14,6,Sun,5,13,6,1,1,41.7
15,4,Fri,20,49,5,0,0,60.0
18,1,Tue,15,14,1,0,0,36.4
22,5,Sat,4,14,5,0,1,27.4
21,3,Thu,16,5,3,1,0,58.9
14,1,Tue,9,26,5,1,0,45.4
10,3,Thu,20,14,3,0,0,47.5
13,3,Thu,17,49,3,1,0,60.0
14,1,Tue,6,35,1,1,0,38.2
21,2,Wed,2,54,2,1,0,37.7
19,0,Mon,12,7,7,1,0,54.1
19,4,Fri,14,14,1,1,0,49.9
14,3,Thu,19,2,7,1,0,60.0
16,4,Fri,18,46,6,0,0,59.2
13,5,Sat,2,12,6,1,1,33.4
10,1,Tue,3,40,5,0,0,29.8
14,4,Fri,4,33,3,1,0,35.6
16,1,Tue,0,23,4,0,0,20.0
19,4,Fri,3,39,4,1,0,44.8
19,0,Mon,11,31,7,1,0,60.0
15,0,Mon,23,31,3,0,0,59.8
14,0,Mon,9,29,7,1,0,55.4
13,0,Mon,22,51,1,1,0,60.0
11,0,Mon,24,48,2,0,0,60.0
13,0,Mon,20,12,1,1,0,60.0
19,1,Tue,19,0,3,1,0,60.0
19,3,Thu,23,33,3,1,0,60.0
12,4,Fri,24,14,2,1,0,60.0
19,0,Mon,12,43,7,1,0,60.0
10,1,Tue,22,13,5,0,0,52.2
17,1,Tue,13,56,5,0,0,51.9
14,1,Tue,22,28,2,1,0,60.0
22,3,Thu,4,33,5,0,0,30.2
13,4,Fri,3,17,4,1,0,25.7
17,3,Thu,13,53,5,0,0,51.2
16,2,Wed,9,6,5,0,0,27.5
11,6,Sun,16,28,5,0,1,58.8
10,1,Tue,9,54,4,0,0,39.1
21,2,Wed,6,30,7,1,0,45.2
20,5,Sat,15,24,5,1,1,60.0
13,0,Mon,0,37,6,1,0,35.1
17,6,Sun,16,13,4,0,1,52.1
21,0,Mon,20,7,2,1,0,60.0
11,3,Thu,8,26,1,0,0,28.0
12,6,Sun,5,53,2,1,1,51.7
21,4,Fri,18,1,1,1,0,57.1
10,2,Wed,12,16,2,0,0,36.3
10,4,Fri,2,36,6,0,0,23.7
22,3,Thu,6,13,1,0,0,22.6
12,0,Mon,21,24,1,1,0,60.0
20,6,Sun,8,55,3,1,1,60.0
14,4,Fri,21,29,1,1,0,60.0
21,4,Fri,4,28,1,1,0,35.6
12,0,Mon,9,19,3,1,0,39.9
10,6,Sun,22,20,5,0,1,60.0
10,2,Wed,16,52,5,0,0,53.1
17,0,Mon,11,21,3,0,0,32.2
19,4,Fri,22,34,4,1,0,60.0
20,2,Wed,15,36,1,1,0,60.0
21,2,Wed,2,15,1,1,0,12.1
22,0,Mon,24,49,3,0,0,60.0
22,4,Fri,21,57,3,0,0,59.2
21,3,Thu,8,48,4,1,0,53.6
11,4,Fri,14,42,6,0,0,52.7
22,1,Tue,4,16,5,0,0,27.4
12,6,Sun,22,15,2,1,1,60.0
11,5,Sat,12,57,6,0,1,57.6
12,3,Thu,13,54,7,1,0,60.0
16,2,Wed,19,1,5,0,0,47.2
10,3,Thu,14,3,1,0,0,31.3
19,6,Sun,15,20,7,1,1,60.0
17,2,Wed,22,38,6,0,0,60.0
22,6,Sun,12,33,3,0,1,47.3
19,2,Wed,16,29,4,1,0,60.0
19,3,Thu,22,5,5,1,0,60.0
19,2,Wed,7,16,4,1,0,36.8
11,2,Wed,20,38,7,0,0,60.0
12,1,Tue,1,24,5,1,0,23.8
18,4,Fri,4,4,6,0,0,19.8
16,4,Fri,5,4,1,0,0,13.0
13,5,Sat,11,19,2,1,1,55.6
19,5,Sat,17,15,4,1,1,60.0
14,1,Tue,21,50,4,1,0,60.0
11,5,Sat,21,40,2,0,1,60.0
22,6,Sun,0,36,4,0,1,20.5
20,3,Thu,16,39,4,1,0,60.0
22,0,Mon,10,8,5,0,0,34.8
17,6,Sun,9,4,5,0,1,35.8
13,0,Mon,18,41,2,1,0,60.0
18,0,Mon,13,56,7,0,0,50.9
14,1,Tue,9,1,1,1,0,30.7
22,6,Sun,14,8,6,0,1,53.1
18,1,Tue,18,42,6,0,0,55.3
13,2,Wed,3,35,7,1,0,38.4
19,0,Mon,1,21,4,1,0,29.3
14,3,Thu,8,21,1,1,0,38.2
18,5,Sat,9,21,2,0,1,38.4
17,3,Thu,10,33,7,0,0,39.8
12,5,Sat,13,54,2,1,1,60.0
10,0,Mon,6,28,5,0,0,32.8
12,0,Mon,22,37,4,1,0,60.0
13,0,Mon,14,58,3,1,0,60.0
11,1,Tue,21,45,2,0,0,59.5
10,6,Sun,18,32,7,0,1,60.0
16,5,Sat,21,17,4,0,1,60.0
17,6,Sun,14,6,1,0,1,42.2
16,1,Tue,23,0,7,0,0,56.1
14,1,Tue,7,32,5,1,0,46.4
21,4,Fri,10,0,6,1,0,37.0
10,3,Thu,8,23,1,0,0,23.9
16,3,Thu,14,3,2,0,0,30.3
22,2,Wed,0,3,2,0,0,7.3
16,1,Tue,0,17,1,0,0,10.5
18,5,Sat,18,26,2,0,1,53.6
12,4,Fri,2,42,7,1,0,44.3
18,4,Fri,9,58,4,0,0,40.9
10,6,Sun,7,31,2,0,1,31.9
10,3,Thu,14,32,5,0,0,46.0
13,1,Tue,9,27,4,1,0,50.5
18,2,Wed,0,41,7,0,0,29.8
15,1,Tue,17,40,3,0,0,52.4
22,6,Sun,1,54,2,0,1,34.3
20,0,Mon,18,35,2,1,0,60.0
12,1,Tue,12,59,5,1,0,60.0
10,6,Sun,21,5,7,0,1,58.8
13,0,Mon,0,15,5,1,0,20.3
21,0,Mon,1,33,6,1,0,35.0
22,2,Wed,15,22,7,0,0,43.8
18,5,Sat,14,49,1,0,1,53.1
12,3,Thu,12,41,1,1,0,53.1
21,1,Tue,15,23,1,1,0,55.3
18,0,Mon,16,55,5,0,0,59.1
16,1,Tue,20,48,1,0,0,56.6
21,5,Sat,6,12,7,1,1,45.1
13,3,Thu,23,55,1,1,0,60.0
12,5,Sat,16,17,3,1,1,60.0
19,3,Thu,6,53,1,1,0,48.3
14,4,Fri,12,12,2,1,0,40.9
14,3,Thu,4,48,6,1,0,47.1
12,2,Wed,16,36,5,1,0,60.0
21,5,Sat,2,42,4,1,1,46.9
18,0,Mon,6,38,6,0,0,33.0
13,4,Fri,16,41,3,1,0,60.0
20,2,Wed,6,16,5,1,0,36.0
14,1,Tue,20,14,7,1,0,60.0
13,5,Sat,0,17,5,1,1,30.6
14,6,Sun,16,22,2,1,1,60.0
16,6,Sun,16,53,7,0,1,60.0
18,0,Mon,10,50,6,0,0,40.5
16,3,Thu,24,29,6,0,0,60.0
22,0,Mon,2,57,1,0,0,24.7
14,6,Sun,14,33,7,1,1,60.0
19,1,Tue,20,57,2,1,0,60.0
19,4,Fri,10,3,1,1,0,32.8
16,4,Fri,15,2,1,0,0,34.9
19,5,Sat,24,6,5,1,1,60.0
14,4,Fri,21,55,6,1,0,60.0
12,5,Sat,8,17,1,1,1,44.4
16,5,Sat,23,41,3,0,1,60.0
22,5,Sat,23,6,3,0,1,60.0
20,6,Sun,0,39,6,1,1,38.8
20,6,Sun,24,5,3,1,1,60.0
11,3,Thu,21,21,5,0,0,57.9
21,2,Wed,15,57,2,1,0,60.0
18,5,Sat,8,0,4,0,1,27.0
19,5,Sat,18,3,1,1,1,60.0
19,2,Wed,11,45,4,1,0,57.4
21,0,Mon,18,48,2,1,0,60.0
10,5,Sat,21,51,2,0,1,60.0
22,3,Thu,8,49,5,0,0,35.6
15,4,Fri,6,42,3,0,0,31.2
16,4,Fri,13,28,3,0,0,41.9
22,1,Tue,18,20,2,0,0,46.3
17,1,Tue,18,25,5,0,0,50.1
19,4,Fri,1,13,5,1,0,20.3
18,4,Fri,8,8,6,0,0,29.7
11,6,Sun,12,58,7,0,1,60.0
20,3,Thu,14,46,1,1,0,60.0
19,2,Wed,2,11,7,1,0,28.8
11,1,Tue,10,41,3,0,0,39.2
14,6,Sun,20,50,2,1,1,60.0
22,6,Sun,13,55,6,0,1,60.0
14,2,Wed,24,50,4,1,0,60.0
15,6,Sun,7,5,3,0,1,26.6
12,3,Thu,17,19,1,1,0,60.0
17,4,Fri,18,23,5,0,0,48.8
22,5,Sat,15,26,2,0,1,49.7
10,2,Wed,1,37,3,0,0,26.3
15,4,Fri,7,7,4,0,0,23.0
13,4,Fri,21,0,1,1,0,60.0
10,0,Mon,5,53,1,0,0,30.2
16,2,Wed,11,48,6,0,0,44.3
18,6,Sun,14,48,3,0,1,58.9
22,5,Sat,24,23,4,0,1,60.0
13,2,Wed,7,46,1,1,0,48.2
13,6,Sun,3,6,2,1,1,27.3
15,4,Fri,14,18,1,0,0,38.6
21,5,Sat,19,21,4,1,1,60.0
12,6,Sun,24,56,5,1,1,60.0
22,3,Thu,16,54,5,0,0,57.3
21,6,Sun,12,59,6,1,1,60.0
15,0,Mon,17,34,3,0,0,48.8
16,4,Fri,1,29,4,0,0,17.4
20,6,Sun,12,28,6,1,1,60.0
19,1,Tue,12,21,7,1,0,59.7
19,1,Tue,21,10,1,1,0,60.0
12,0,Mon,14,19,7,1,0,60.0
16,3,Thu,19,28,1,0,0,49.7
12,4,Fri,9,50,5,1,0,60.0
22,2,Wed,2,40,6,0,0,26.3
22,0,Mon,18,41,5,0,0,53.9
11,3,Thu,2,33,2,0,0,19.5
21,2,Wed,21,0,7,1,0,60.0
19,1,Tue,13,30,7,1,0,60.0
13,1,Tue,7,29,5,1,0,43.3
21,2,Wed,22,47,2,1,0,60.0
17,0,Mon,3,17,1,0,0,16.5
22,1,Tue,19,54,6,0,0,60.0
18,4,Fri,10,57,2,0,0,41.4
16,5,Sat,10,16,6,0,1,40.5
10,6,Sun,10,37,7,0,1,51.7
12,2,Wed,1,13,6,1,0,25.4
22,2,Wed,16,22,7,0,0,50.4
21,1,Tue,8,24,2,1,0,44.2
18,0,Mon,1,14,7,0,0,18.0
21,4,Fri,23,45,3,1,0,60.0
10,0,Mon,14,55,7,0,0,52.9
18,3,Thu,15,21,5,0,0,48.4
17,3,Thu,24,2,2,0,0,49.6
10,5,Sat,3,55,1,0,1,35.4
15,1,Tue,7,54,6,0,0,38.8
14,1,Tue,8,18,4,1,0,41.0
15,1,Tue,4,56,2,0,0,34.5
19,5,Sat,15,43,5,1,1,60.0
21,3,Thu,12,33,7,1,0,60.0
22,0,Mon,6,34,6,0,0,33.2
22,5,Sat,19,49,3,0,1,60.0
22,5,Sat,16,0,1,0,1,43.0
14,0,Mon,2,51,3,1,0,39.8
15,1,Tue,4,20,4,0,0,20.1
14,4,Fri,18,28,2,1,0,60.0
20,0,Mon,11,5,6,1,0,50.2
21,3,Thu,6,36,2,1,0,39.6
14,2,Wed,8,0,5,1,0,35.9
13,2,Wed,5,50,2,1,0,39.6
12,6,Sun,16,0,1,1,1,57.0
12,6,Sun,15,26,4,1,1,60.0
13,5,Sat,22,20,3,1,1,60.0
18,2,Wed,2,52,4,0,0,30.4
11,4,Fri,20,15,6,0,0,53.1
18,1,Tue,3,43,2,0,0,25.2
10,3,Thu,9,58,6,0,0,45.2
10,6,Sun,4,53,3,0,1,36.9
14,4,Fri,20,39,6,1,0,60.0
15,3,Thu,21,25,5,0,0,58.2
15,3,Thu,9,15,4,0,0,29.6
12,1,Tue,11,27,3,1,0,56.2
16,5,Sat,9,0,3,0,1,30.5
18,2,Wed,12,35,7,0,0,44.3
20,1,Tue,10,9,3,1,0,43.7
21,4,Fri,21,42,7,1,0,60.0
19,5,Sat,15,16,1,1,1,58.3
17,4,Fri,7,56,7,0,0,40.7
15,5,Sat,7,58,4,0,1,47.5
21,6,Sun,24,22,6,1,1,60.0
17,4,Fri,7,6,7,0,0,32.0
21,1,Tue,12,43,3,1,0,60.0
14,5,Sat,1,52,4,1,1,45.7
17,5,Sat,11,6,7,0,1,41.2
19,3,Thu,9,43,7,1,0,57.8
21,3,Thu,11,14,3,1,0,40.1
13,0,Mon,10,33,5,1,0,49.6
19,4,Fri,14,45,5,1,0,60.0
17,3,Thu,15,44,7,0,0,56.7
19,0,Mon,16,3,5,1,0,55.4
21,6,Sun,1,13,2,1,1,25.1
11,6,Sun,17,13,3,0,1,52.9
21,3,Thu,11,15,2,1,0,46.1
21,4,Fri,18,6,4,1,0,57.6
14,5,Sat,22,31,2,1,1,60.0
18,2,Wed,17,18,4,0,0,48.2
13,4,Fri,16,1,7,1,0,54.0
20,1,Tue,5,9,4,1,0,29.7
15,6,Sun,24,49,4,0,1,60.0
10,3,Thu,14,16,6,0,0,41.3
18,3,Thu,2,36,2,0,0,22.4
10,5,Sat,5,11,6,0,1,27.8
14,1,Tue,2,5,7,1,0,27.0
13,5,Sat,0,21,3,1,1,25.5
22,1,Tue,12,31,2,0,0,42.5
21,2,Wed,20,40,3,1,0,60.0
22,6,Sun,13,19,3,0,1,45.3
22,3,Thu,12,0,4,0,0,32.3
12,3,Thu,3,53,2,1,0,39.5
22,2,Wed,6,46,3,0,0,30.5
15,0,Mon,21,52,5,0,0,60.0
11,6,Sun,9,57,3,0,1,51.1
12,5,Sat,6,5,5,1,1,34.9
14,2,Wed,20,18,2,1,0,60.0
18,5,Sat,14,17,7,0,1,56.5
11,4,Fri,14,5,6,0,0,38.8
19,3,Thu,3,44,2,1,0,36.4
17,5,Sat,22,32,6,0,1,60.0
11,1,Tue,22,22,6,0,0,56.5
20,5,Sat,5,22,2,1,1,44.4
22,4,Fri,23,25,3,0,0,59.4
14,6,Sun,19,12,1,1,1,60.0
16,3,Thu,4,6,3,0,0,16.3
17,2,Wed,19,14,3,0,0,46.0
10,4,Fri,11,43,7,0,0,42.4
15,3,Thu,0,26,4,0,0,18.1
10,5,Sat,7,25,4,0,1,33.8
11,6,Sun,0,32,3,0,1,22.6
10,0,Mon,4,14,5,0,0,19.8
20,6,Sun,21,35,7,1,1,60.0
14,0,Mon,5,44,6,1,0,50.2
19,1,Tue,20,54,4,1,0,60.0
18,6,Sun,2,26,3,0,1,24.9
15,3,Thu,14,56,7,0,0,55.6
20,0,Mon,4,4,1,1,0,24.6
20,2,Wed,23,1,5,1,0,60.0
10,3,Thu,13,54,2,0,0,46.7
22,2,Wed,17,57,3,0,0,55.0
10,6,Sun,15,32,7,0,1,60.0
11,2,Wed,5,15,3,0,0,23.2
18,0,Mon,24,22,6,0,0,60.0
12,3,Thu,23,37,5,1,0,60.0
10,5,Sat,13,54,4,0,1,60.0
14,4,Fri,23,15,4,1,0,60.0
16,0,Mon,7,13,4,0,0,27.3
15,0,Mon,6,28,2,0,0,26.3
21,5,Sat,7,25,7,1,1,55.5
10,3,Thu,12,34,5,0,0,43.9
14,3,Thu,5,14,5,1,0,34.5
14,6,Sun,17,2,4,1,1,60.0
15,2,Wed,1,22,4,0,0,19.3
12,6,Sun,7,28,6,1,1,52.9
14,5,Sat,10,33,1,1,1,52.5
16,6,Sun,0,32,1,0,1,15.0
14,5,Sat,21,40,3,1,1,60.0
14,3,Thu,5,40,3,1,0,38.6
14,2,Wed,15,22,5,1,0,55.9
19,6,Sun,19,6,5,1,1,60.0
19,0,Mon,11,2,2,1,0,37.5
12,1,Tue,10,57,2,1,0,59.1
10,4,Fri,9,31,1,0,0,30.4
14,0,Mon,2,30,3,1,0,34.8
18,3,Thu,12,17,1,0,0,33.9
10,4,Fri,2,42,1,0,0,21.4
12,1,Tue,14,6,3,1,0,49.7
22,1,Tue,15,40,7,0,0,55.2
22,2,Wed,12,0,2,0,0,30.9
13,4,Fri,16,13,6,1,0,59.0
10,2,Wed,2,51,6,0,0,29.2
10,0,Mon,19,31,6,0,0,54.1
17,5,Sat,10,5,3,0,1,32.7
11,5,Sat,20,38,4,0,1,60.0
21,5,Sat,18,9,4,1,1,60.0
17,4,Fri,21,6,4,0,0,50.9
16,5,Sat,10,25,5,0,1,46.0
19,0,Mon,15,33,2,1,0,60.0
19,2,Wed,20,29,2,1,0,60.0
11,4,Fri,2,35,7,0,0,25.4
15,2,Wed,21,20,7,0,0,56.2
15,4,Fri,5,59,5,0,0,35.2
12,2,Wed,13,16,1,1,0,51.4
20,1,Tue,23,32,7,1,0,60.0
11,2,Wed,17,9,6,0,0,46.7
21,5,Sat,16,50,4,1,1,60.0
10,1,Tue,3,46,6,0,0,32.7
15,2,Wed,22,41,4,0,0,60.0
21,4,Fri,14,50,6,1,0,60.0
14,4,Fri,10,11,1,1,0,35.3
20,4,Fri,2,55,6,1,0,43.6
18,3,Thu,2,15,6,0,0,19.6
10,0,Mon,15,40,3,0,0,47.3
16,4,Fri,4,31,6,0,0,28.0
14,1,Tue,20,14,3,1,0,60.0
14,4,Fri,9,26,2,1,0,43.0
11,3,Thu,18,27,5,0,0,47.4
20,5,Sat,24,16,6,1,1,60.0
12,1,Tue,3,45,2,1,0,44.8
16,3,Thu,18,58,7,0,0,60.0
15,5,Sat,10,49,7,0,1,52.6
21,6,Sun,1,57,3,1,1,42.7
11,6,Sun,9,1,6,0,1,35.9
15,1,Tue,10,35,6,0,0,41.5
11,2,Wed,24,49,1,0,0,60.0
11,0,Mon,19,6,2,0,0,44.9
11,0,Mon,15,12,4,0,0,36.3
20,3,Thu,18,14,4,1,0,60.0
12,5,Sat,22,24,1,1,1,60.0
11,0,Mon,23,22,3,0,0,54.6
13,5,Sat,10,59,4,1,1,60.0
18,5,Sat,13,21,4,0,1,47.7
15,3,Thu,1,25,7,0,0,25.5
10,3,Thu,22,32,7,0,0,60.0
17,3,Thu,4,10,5,0,0,19.5
21,0,Mon,4,9,2,1,0,24.8
16,6,Sun,18,24,3,0,1,60.0
19,3,Thu,20,36,6,1,0,60.0
12,0,Mon,11,47,2,1,0,59.3
10,3,Thu,17,42,3,0,0,54.2
14,4,Fri,3,52,4,1,0,44.4
22,5,Sat,21,37,5,0,1,60.0
13,3,Thu,16,40,2,1,0,60.0
19,1,Tue,9,44,4,1,0,52.3
17,5,Sat,19,23,3,0,1,57.0
10,5,Sat,5,39,2,0,1,35.3
19,3,Thu,24,45,6,1,0,60.0
10,6,Sun,13,55,2,0,1,57.2
21,2,Wed,10,32,4,1,0,48.8
13,6,Sun,10,16,2,1,1,56.7
17,3,Thu,17,23,6,0,0,48.9
14,5,Sat,22,36,5,1,1,60.0
11,1,Tue,21,56,5,0,0,60.0
15,5,Sat,17,1,4,0,1,49.3
14,6,Sun,23,31,3,1,1,60.0
11,1,Tue,22,56,4,0,0,60.0
22,0,Mon,10,59,5,0,0,49.3
20,4,Fri,20,23,1,1,0,60.0
20,5,Sat,11,8,1,1,1,44.2
20,3,Thu,4,3,2,1,0,25.3
12,0,Mon,22,16,6,1,0,60.0
18,4,Fri,8,16,7,0,0,37.7
16,3,Thu,24,52,7,0,0,60.0
16,2,Wed,8,49,7,0,0,45.9
20,3,Thu,21,47,2,1,0,60.0
15,1,Tue,9,29,1,0,0,28.3
17,1,Tue,21,39,5,0,0,60.0
13,2,Wed,18,57,2,1,0,60.0
17,0,Mon,0,10,7,0,0,16.0
13,4,Fri,6,20,7,1,0,45.5
17,3,Thu,3,20,4,0,0,22.2
18,1,Tue,0,17,7,0,0,18.5
12,0,Mon,14,54,6,1,0,60.0
12,2,Wed,7,28,7,1,0,48.7
20,6,Sun,11,23,4,1,1,60.0
22,5,Sat,21,9,7,0,1,60.0
11,6,Sun,21,44,6,0,1,60.0
22,6,Sun,17,16,5,0,1,58.3
19,1,Tue,14,17,2,1,0,52.2
12,2,Wed,16,41,6,1,0,60.0
12,3,Thu,13,47,4,1,0,60.0
14,6,Sun,13,19,2,1,1,60.0
14,6,Sun,17,36,2,1,1,60.0
11,4,Fri,19,44,4,0,0,55.2
21,1,Tue,17,17,1,1,0,57.2
19,1,Tue,15,16,7,1,0,60.0
22,3,Thu,0,8,6,0,0,12.8
15,5,Sat,22,13,4,0,1,59.6
14,0,Mon,10,48,5,1,0,51.6
15,4,Fri,14,28,3,0,0,44.6
10,1,Tue,11,30,4,0,0,35.5
14,4,Fri,7,3,7,1,0,42.0
18,1,Tue,21,17,7,0,0,57.8
21,4,Fri,19,58,2,1,0,60.0
19,2,Wed,5,19,2,1,0,32.7
11,6,Sun,2,55,4,0,1,36.9
10,1,Tue,23,55,3,0,0,60.0
19,4,Fri,12,46,4,1,0,60.0
22,0,Mon,12,42,3,0,0,40.8
20,2,Wed,1,43,3,1,0,34.5
18,2,Wed,4,8,7,0,0,21.6
19,0,Mon,16,12,7,1,0,60.0
18,4,Fri,5,14,7,0,0,26.3
18,3,Thu,1,26,5,0,0,20.8
15,0,Mon,3,14,7,0,0,26.3
17,4,Fri,21,27,6,0,0,57.6
20,0,Mon,10,36,2,1,0,54.1
22,0,Mon,7,54,2,0,0,37.2
10,1,Tue,11,18,3,0,0,36.6
19,4,Fri,7,25,2,1,0,37.6
13,3,Thu,10,51,1,1,0,57.2
10,6,Sun,21,25,3,0,1,60.0
17,1,Tue,19,24,2,0,0,42.8
10,0,Mon,7,25,1,0,0,24.1
12,6,Sun,7,25,5,1,1,54.2
22,5,Sat,16,45,2,0,1,60.0
13,6,Sun,19,27,1,1,1,60.0
17,0,Mon,19,48,4,0,0,58.8
15,0,Mon,22,17,6,0,0,57.9
19,4,Fri,15,31,4,1,0,60.0
21,4,Fri,13,52,1,1,0,60.0
16,1,Tue,10,2,3,0,0,28.4
17,3,Thu,6,1,7,0,0,24.4
11,1,Tue,15,32,7,0,0,49.0
22,2,Wed,12,41,7,0,0,49.4
19,0,Mon,14,18,3,1,0,56.2
20,6,Sun,23,16,2,1,1,60.0
17,5,Sat,15,43,7,0,1,60.0
12,0,Mon,20,32,4,1,0,60.0
16,0,Mon,22,11,3,0,0,49.6
12,1,Tue,23,48,3,1,0,60.0
16,5,Sat,8,55,7,0,1,53.3
20,5,Sat,2,2,4,1,1,24.8
21,5,Sat,18,42,5,1,1,60.0
22,1,Tue,19,48,3,0,0,56.5
11,0,Mon,4,54,7,0,0,35.8
19,1,Tue,9,25,6,1,0,53.2
15,4,Fri,16,34,1,0,0,39.5
12,4,Fri,14,7,2,1,0,47.7
12,1,Tue,22,51,3,1,0,60.0
18,5,Sat,24,35,6,0,1,60.0
16,0,Mon,7,52,6,0,0,42.9
14,1,Tue,14,53,3,1,0,60.0
21,1,Tue,20,6,5,1,0,60.0
19,1,Tue,13,45,1,1,0,60.0
16,2,Wed,19,45,2,0,0,58.2
18,4,Fri,6,35,3,0,0,27.6
10,6,Sun,20,15,2,0,1,56.5
16,5,Sat,22,23,4,0,1,60.0
15,3,Thu,11,53,6,0,0,45.0
19,6,Sun,16,0,6,1,1,60.0
21,5,Sat,16,48,3,1,1,60.0
18,3,Thu,9,24,3,0,0,33.0
10,2,Wed,18,9,4,0,0,42.9
22,1,Tue,13,53,5,0,0,49.4
13,2,Wed,10,15,3,1,0,45.4
18,2,Wed,1,15,6,0,0,19.4
13,6,Sun,17,57,2,1,1,60.0
19,0,Mon,6,7,1,1,0,29.5
12,6,Sun,11,28,7,1,1,60.0
18,4,Fri,1,38,2,0,0,21.0
22,3,Thu,19,27,5,0,0,51.7
11,1,Tue,17,5,1,0,0,40.1
13,6,Sun,5,15,2,1,1,37.4
15,3,Thu,23,19,2,0,0,55.9
11,5,Sat,9,15,4,0,1,40.5
17,3,Thu,19,6,7,0,0,51.7
17,5,Sat,14,40,5,0,1,57.5
10,6,Sun,4,13,6,0,1,28.0
21,4,Fri,19,42,4,1,0,60.0
12,6,Sun,2,25,1,1,1,29.5
19,5,Sat,4,25,7,1,1,49.6
18,3,Thu,24,13,6,0,0,54.8
14,3,Thu,7,6,4,1,0,39.1
15,5,Sat,7,32,7,0,1,42.9
13,2,Wed,7,25,5,1,0,39.0
19,4,Fri,11,56,3,1,0,60.0
11,0,Mon,23,44,3,0,0,58.9
20,1,Tue,22,19,1,1,0,60.0
17,3,Thu,7,2,3,0,0,21.5
20,1,Tue,10,51,4,1,0,60.0
22,0,Mon,13,3,1,0,0,31.3
15,6,Sun,7,25,6,0,1,39.3
14,1,Tue,23,10,5,1,0,60.0
18,0,Mon,9,1,1,0,0,21.1
10,5,Sat,6,13,6,0,1,30.5
14,2,Wed,16,43,1,1,0,60.0
15,3,Thu,3,29,2,0,0,20.8
14,0,Mon,12,48,2,1,0,60.0
15,1,Tue,3,11,1,0,0,14.2
15,3,Thu,4,25,7,0,0,26.8
16,2,Wed,21,43,3,0,0,59.6
13,5,Sat,3,32,2,1,1,36.6
20,6,Sun,17,12,7,1,1,60.0
17,3,Thu,5,13,7,0,0,26.4
16,6,Sun,23,23,5,0,1,60.0
18,0,Mon,23,33,6,0,0,60.0
16,2,Wed,22,43,4,0,0,60.0
12,1,Tue,21,25,2,1,0,60.0
12,2,Wed,1,20,1,1,0,16.4
17,2,Wed,22,27,3,0,0,53.8
14,4,Fri,10,47,4,1,0,57.8
13,2,Wed,13,35,6,1,0,60.0
17,2,Wed,4,39,7,0,0,35.9
15,3,Thu,5,1,6,0,0,22.8
11,1,Tue,9,41,2,0,0,38.1
13,3,Thu,7,8,6,1,0,39.1
21,3,Thu,13,22,6,1,0,57.2
20,0,Mon,23,14,3,1,0,60.0
13,3,Thu,2,12,7,1,0,28.6
15,4,Fri,11,22,3,0,0,35.8
15,4,Fri,15,16,3,0,0,38.5
10,6,Sun,22,47,1,0,1,60.0
17,0,Mon,16,59,6,0,0,58.5
15,6,Sun,0,1,6,0,1,15.6
12,6,Sun,22,19,6,1,1,60.0
18,5,Sat,9,19,5,0,1,38.8
11,1,Tue,24,58,3,0,0,60.0
20,1,Tue,22,45,4,1,0,60.0
17,3,Thu,9,2,2,0,0,21.0
19,3,Thu,20,54,7,1,0,60.0
12,5,Sat,23,11,4,1,1,60.0
22,3,Thu,1,39,7,0,0,26.0
21,1,Tue,8,1,1,1,0,24.4
14,6,Sun,21,35,1,1,1,60.0
15,2,Wed,12,13,7,0,0,38.7
19,4,Fri,24,15,6,1,0,60.0
15,2,Wed,15,18,4,0,0,42.7
13,2,Wed,17,33,6,1,0,60.0
12,1,Tue,18,43,5,1,0,60.0
13,2,Wed,11,45,1,1,0,55.7
10,5,Sat,7,5,1,0,1,24.2
13,0,Mon,16,12,4,1,0,59.5
10,3,Thu,14,35,1,0,0,42.5
21,0,Mon,9,21,5,1,0,46.1
10,6,Sun,14,17,5,0,1,50.0
19,4,Fri,14,11,5,1,0,50.9
15,3,Thu,22,51,2,0,0,60.0
14,2,Wed,6,58,5,1,0,56.2
20,4,Fri,12,53,5,1,0,60.0
13,3,Thu,16,29,2,1,0,60.0
22,5,Sat,8,52,6,0,1,48.0
20,5,Sat,7,50,3,1,1,56.6
12,5,Sat,19,39,1,1,1,60.0
10,5,Sat,20,6,5,0,1,56.8
15,2,Wed,17,31,1,0,0,42.5
11,0,Mon,12,47,4,0,0,43.3
17,3,Thu,15,18,1,0,0,36.7
19,2,Wed,8,5,7,1,0,43.2
14,5,Sat,11,19,6,1,1,60.0
16,6,Sun,11,26,2,0,1,39.9
19,0,Mon,5,52,1,1,0,41.5
21,6,Sun,18,42,1,1,1,60.0
11,4,Fri,6,36,1,0,0,29.7
22,6,Sun,24,47,3,0,1,60.0
17,4,Fri,2,6,3,0,0,16.3
11,4,Fri,15,58,4,0,0,54.0
13,5,Sat,17,4,2,1,1,60.0
10,4,Fri,15,10,1,0,0,35.9
14,1,Tue,22,14,1,1,0,60.0
18,3,Thu,6,2,1,0,0,15.3
10,3,Thu,3,57,1,0,0,28.2
18,5,Sat,24,4,3,0,1,60.0
20,1,Tue,7,22,6,1,0,37.3
17,6,Sun,12,52,6,0,1,59.2
15,2,Wed,12,36,4,0,0,41.4
16,6,Sun,16,8,7,0,1,55.2
12,2,Wed,16,14,5,1,0,60.0
10,4,Fri,4,2,2,0,0,16.7
14,0,Mon,5,28,6,1,0,42.1
21,2,Wed,18,5,7,1,0,60.0
21,0,Mon,12,16,1,1,0,44.7
11,3,Thu,24,25,6,0,0,60.0
14,0,Mon,13,20,4,1,0,59.0
17,3,Thu,21,7,5,0,0,49.2
20,1,Tue,3,20,6,1,0,31.9
18,1,Tue,6,56,4,0,0,37.2
11,5,Sat,7,10,3,0,1,31.4
21,5,Sat,24,37,5,1,1,60.0
12,4,Fri,12,7,4,1,0,49.7
12,2,Wed,5,41,7,1,0,51.5
10,4,Fri,5,23,6,0,0,29.3
17,3,Thu,23,34,3,0,0,58.1
15,4,Fri,20,54,7,0,0,60.0
21,0,Mon,2,13,4,1,0,28.2
22,3,Thu,2,54,4,0,0,29.7
17,5,Sat,12,13,7,0,1,43.4
20,1,Tue,21,9,6,1,0,60.0
18,5,Sat,1,11,5,0,1,19.9
14,2,Wed,15,37,3,1,0,60.0
21,3,Thu,21,43,1,1,0,60.0
12,3,Thu,5,54,2,1,0,41.2
14,0,Mon,7,45,5,1,0,50.6
14,2,Wed,22,33,3,1,0,60.0
14,1,Tue,7,40,7,1,0,57.1
12,6,Sun,24,9,4,1,1,60.0
20,3,Thu,5,57,7,1,0,54.2
19,3,Thu,13,16,3,1,0,52.6
13,0,Mon,2,16,7,1,0,31.3
18,4,Fri,9,2,7,0,0,31.7
22,1,Tue,2,30,2,0,0,19.9
19,5,Sat,11,50,6,1,1,60.0
18,2,Wed,16,0,2,0,0,37.8
11,3,Thu,4,11,1,0,0,16.9
17,3,Thu,19,38,1,0,0,51.6
17,5,Sat,24,3,2,0,1,60.0
16,1,Tue,8,41,5,0,0,36.3
17,4,Fri,20,12,5,0,0,47.6
12,3,Thu,19,33,7,1,0,60.0
22,1,Tue,6,41,7,0,0,34.9
15,5,Sat,21,20,4,0,1,60.0
10,0,Mon,3,21,1,0,0,17.1
16,4,Fri,12,56,4,0,0,48.6
10,2,Wed,12,3,1,0,0,27.7
18,3,Thu,9,17,2,0,0,27.7
10,1,Tue,17,4,5,0,0,40.7
10,0,Mon,16,18,7,0,0,47.4
16,2,Wed,19,1,5,0,0,45.1
11,6,Sun,19,11,2,0,1,54.9
14,1,Tue,12,16,4,1,0,51.5
17,1,Tue,16,9,4,0,0,40.9
17,2,Wed,21,33,3,0,0,53.3
12,0,Mon,3,5,7,1,0,31.4
16,6,Sun,0,7,7,0,1,18.4
12,5,Sat,0,50,7,1,1,48.0
15,0,Mon,14,10,1,0,0,37.6
15,4,Fri,12,56,4,0,0,50.0
12,3,Thu,16,11,2,1,0,56.6
16,2,Wed,23,8,4,0,0,53.6
12,5,Sat,7,1,5,1,1,40.1
17,6,Sun,17,7,1,0,1,47.3
19,2,Wed,12,57,7,1,0,60.0
13,2,Wed,22,10,6,1,0,60.0
22,0,Mon,13,59,3,0,0,54.6
10,3,Thu,7,52,1,0,0,35.0
13,4,Fri,7,35,5,1,0,41.7
16,1,Tue,14,9,7,0,0,39.4
20,1,Tue,12,20,5,1,0,59.1
13,2,Wed,6,19,5,1,0,40.5
22,3,Thu,4,47,7,0,0,35.6
15,6,Sun,16,7,5,0,1,49.9
18,6,Sun,24,35,2,0,1,60.0
10,5,Sat,15,28,3,0,1,56.8
22,0,Mon,22,41,6,0,0,60.0
14,3,Thu,1,11,5,1,0,24.6
20,3,Thu,21,13,5,1,0,60.0
16,0,Mon,17,47,4,0,0,54.1
10,6,Sun,16,53,3,0,1,60.0
13,6,Sun,6,49,1,1,1,52.4
15,6,Sun,12,20,3,0,1,42.6
11,2,Wed,17,21,3,0,0,45.5
19,3,Thu,13,20,7,1,0,56.2
14,1,Tue,17,43,7,1,0,60.0
20,0,Mon,12,49,7,1,0,60.0
19,6,Sun,10,29,6,1,1,60.0
10,5,Sat,20,38,3,0,1,60.0
15,6,Sun,20,19,6,0,1,60.0
15,6,Sun,15,23,5,0,1,56.8
22,4,Fri,22,22,7,0,0,56.4
13,2,Wed,16,6,5,1,0,56.3
22,0,Mon,7,8,7,0,0,29.5
17,4,Fri,18,0,2,0,0,40.9
13,4,Fri,19,25,6,1,0,60.0
17,5,Sat,14,37,6,0,1,56.0
22,3,Thu,8,37,1,0,0,34.0
17,5,Sat,19,53,4,0,1,60.0
14,3,Thu,9,43,3,1,0,48.2
22,3,Thu,11,21,1,0,0,31.2
13,0,Mon,20,43,6,1,0,60.0
21,6,Sun,22,9,1,1,1,60.0
22,0,Mon,19,54,2,0,0,53.7
11,2,Wed,0,57,4,0,0,23.4
20,3,Thu,24,5,6,1,0,60.0
12,4,Fri,19,16,6,1,0,60.0
12,6,Sun,8,50,3,1,1,60.0
13,1,Tue,21,49,7,1,0,60.0
13,2,Wed,14,37,4,1,0,60.0
19,0,Mon,0,23,2,1,0,18.7
20,5,Sat,11,50,5,1,1,60.0
20,2,Wed,2,9,1,1,0,20.8
14,2,Wed,10,55,3,1,0,60.0
13,6,Sun,1,7,6,1,1,19.2
20,2,Wed,15,20,5,1,0,60.0
19,2,Wed,8,55,2,1,0,52.5
17,1,Tue,14,5,4,0,0,36.2
15,5,Sat,11,20,1,0,1,40.8
15,5,Sat,0,56,3,0,1,29.4
17,5,Sat,12,38,6,0,1,54.0
16,3,Thu,13,23,6,0,0,48.5
19,4,Fri,24,32,5,1,0,60.0
20,5,Sat,24,58,5,1,1,60.0
21,2,Wed,7,17,1,1,0,34.9
19,2,Wed,7,55,4,1,0,52.9
22,5,Sat,11,27,2,0,1,40.6
17,6,Sun,0,56,7,0,1,36.2
11,5,Sat,10,51,4,0,1,49.0
18,2,Wed,7,31,4,0,0,30.0
10,3,Thu,9,11,4,0,0,28.5
17,0,Mon,18,47,7,0,0,60.0
21,0,Mon,10,41,1,1,0,56.2
20,5,Sat,6,26,7,1,1,52.1
21,1,Tue,10,9,1,1,0,39.0
21,5,Sat,16,45,7,1,1,60.0
13,6,Sun,0,56,2,1,1,44.2
13,5,Sat,20,51,4,1,1,60.0
14,0,Mon,20,41,1,1,0,60.0
17,2,Wed,7,31,7,0,0,35.1
14,5,Sat,22,41,2,1,1,60.0
17,2,Wed,23,25,7,0,0,60.0
19,2,Wed,5,24,6,1,0,36.1
10,1,Tue,21,10,2,0,0,45.7
21,2,Wed,17,22,4,1,0,60.0
19,0,Mon,5,33,3,1,0,38.5
18,3,Thu,4,56,4,0,0,33.2
15,3,Thu,12,51,3,0,0,46.4
12,4,Fri,18,39,2,1,0,60.0
22,6,Sun,21,22,6,0,1,60.0
17,5,Sat,7,28,6,0,1,45.7
18,6,Sun,8,30,1,0,1,37.3
15,0,Mon,16,6,6,0,0,43.1
20,2,Wed,2,39,5,1,0,35.4
16,3,Thu,18,32,2,0,0,51.3
10,6,Sun,10,20,1,0,1,34.3
14,0,Mon,23,1,6,1,0,60.0
14,3,Thu,16,17,2,1,0,60.0
19,2,Wed,20,46,4,1,0,60.0
13,6,Sun,18,32,6,1,1,60.0
15,3,Thu,1,36,7,0,0,26.0
16,5,Sat,7,33,3,0,1,39.4
18,5,Sat,18,19,2,0,1,56.1
10,4,Fri,6,34,1,0,0,29.1
15,4,Fri,16,50,4,0,0,51.1
16,3,Thu,5,49,5,0,0,36.6
12,0,Mon,18,53,4,1,0,60.0
17,5,Sat,23,17,6,0,1,60.0
14,0,Mon,5,45,3,1,0,46.9
18,0,Mon,1,23,4,0,0,19.9
14,3,Thu,5,7,5,1,0,31.9
18,0,Mon,22,29,7,0,0,57.7
19,5,Sat,4,43,1,1,1,44.0
13,2,Wed,18,52,2,1,0,60.0
18,4,Fri,19,9,3,0,0,46.9
14,2,Wed,3,22,5,1,0,35.0
19,0,Mon,21,51,6,1,0,60.0
18,2,Wed,16,48,6,0,0,54.1
12,5,Sat,10,10,6,1,1,60.0
13,5,Sat,3,1,3,1,1,22.0
18,0,Mon,12,57,4,0,0,46.1
19,3,Thu,19,25,3,1,0,60.0
20,2,Wed,16,35,6,1,0,60.0
15,3,Thu,8,32,7,0,0,35.7
11,3,Thu,3,46,5,0,0,31.9
16,1,Tue,22,12,2,0,0,46.2
11,0,Mon,13,39,2,0,0,40.7
20,4,Fri,18,24,3,1,0,60.0
11,5,Sat,2,3,6,0,1,20.5
20,5,Sat,13,41,1,1,1,60.0
10,0,Mon,7,18,7,0,0,34.5
20,6,Sun,23,17,3,1,1,60.0
20,6,Sun,0,36,6,1,1,32.2
21,6,Sun,9,29,4,1,1,58.4
20,4,Fri,17,18,2,1,0,58.9
12,5,Sat,15,57,2,1,1,60.0
15,0,Mon,7,22,7,0,0,32.6
17,5,Sat,0,58,2,0,1,30.3
18,3,Thu,11,53,1,0,0,40.2
16,2,Wed,7,15,6,0,0,28.1
13,2,Wed,23,0,6,1,0,60.0
15,5,Sat,15,11,7,0,1,51.5
14,1,Tue,17,23,6,1,0,60.0
17,4,Fri,3,33,7,0,0,26.5
10,6,Sun,5,52,6,0,1,42.6
10,4,Fri,11,56,1,0,0,42.0
22,4,Fri,8,7,5,0,0,27.5
20,3,Thu,14,17,3,1,0,55.2
15,4,Fri,15,56,3,0,0,56.5
19,2,Wed,23,47,6,1,0,60.0
21,3,Thu,11,4,4,1,0,44.8
11,0,Mon,23,25,2,0,0,55.8
14,4,Fri,22,29,1,1,0,60.0
10,4,Fri,13,53,4,0,0,48.0
16,0,Mon,12,12,4,0,0,33.6
10,4,Fri,24,18,6,0,0,60.0
13,0,Mon,1,28,1,1,0,18.3
18,3,Thu,2,2,3,0,0,14.0
10,2,Wed,23,25,2,0,0,56.1
13,0,Mon,21,39,3,1,0,60.0
15,1,Tue,9,58,4,0,0,42.0
15,0,Mon,8,57,2,0,0,37.1
21,4,Fri,19,57,5,1,0,60.0
22,6,Sun,7,11,4,0,1,29.8
17,6,Sun,9,1,3,0,1,32.1
10,3,Thu,18,10,3,0,0,45.6
16,5,Sat,2,43,6,0,1,39.0
10,3,Thu,23,27,3,0,0,57.1
22,5,Sat,4,17,1,0,1,14.2
16,6,Sun,2,12,4,0,1,19.4
12,6,Sun,15,36,7,1,1,60.0
20,0,Mon,16,21,7,1,0,60.0
17,2,Wed,14,11,2,0,0,36.5
12,1,Tue,2,1,3,1,0,16.1
22,3,Thu,11,36,6,0,0,46.2
10,4,Fri,8,6,6,0,0,26.3
22,5,Sat,20,25,3,0,1,60.0
22,4,Fri,11,25,1,0,0,31.3
17,2,Wed,14,23,6,0,0,44.3
12,5,Sat,1,11,7,1,1,36.4
11,3,Thu,22,15,2,0,0,51.2
10,0,Mon,17,22,4,0,0,46.7
12,4,Fri,19,39,5,1,0,60.0
11,2,Wed,11,59,1,0,0,43.1
11,3,Thu,22,8,6,0,0,56.5
15,6,Sun,3,31,4,0,1,28.8
21,6,Sun,22,14,5,1,1,60.0
10,3,Thu,15,36,3,0,0,48.6
11,3,Thu,22,12,3,0,0,51.2
15,3,Thu,15,4,2,0,0,38.2
12,5,Sat,0,10,5,1,1,19.2
13,3,Thu,21,9,3,1,0,60.0
10,4,Fri,24,51,3,0,0,60.0
17,2,Wed,1,12,7,0,0,20.8
22,5,Sat,2,40,6,0,1,28.9
16,3,Thu,20,52,2,0,0,57.7
16,1,Tue,24,45,4,0,0,60.0
12,1,Tue,19,49,3,1,0,60.0
19,2,Wed,16,14,7,1,0,60.0
19,6,Sun,19,41,1,1,1,60.0
12,0,Mon,21,55,1,1,0,60.0
11,0,Mon,20,6,4,0,0,45.9
21,6,Sun,0,39,5,1,1,33.9
10,5,Sat,19,27,2,0,1,60.0
16,5,Sat,5,31,7,0,1,36.5
16,5,Sat,14,34,6,0,1,58.8
21,0,Mon,13,14,7,1,0,57.5
11,1,Tue,19,47,1,0,0,54.5
16,0,Mon,14,35,1,0,0,40.7
22,4,Fri,13,20,4,0,0,40.7
17,3,Thu,24,5,5,0,0,56.0
10,5,Sat,20,0,5,0,1,56.6
18,1,Tue,23,3,4,0,0,50.9
16,2,Wed,24,10,7,0,0,58.7
12,2,Wed,4,43,1,1,0,38.5
17,3,Thu,5,25,7,0,0,30.4
16,1,Tue,16,36,7,0,0,53.2
20,0,Mon,10,22,2,1,0,42.7
22,0,Mon,15,28,1,0,0,45.5
17,4,Fri,11,20,5,0,0,35.8
15,4,Fri,14,47,6,0,0,51.4
18,0,Mon,22,44,7,0,0,60.0
14,2,Wed,3,44,1,1,0,40.2
12,5,Sat,17,48,7,1,1,60.0
12,2,Wed,20,26,2,1,0,60.0
10,4,Fri,2,38,3,0,0,23.8
21,3,Thu,21,39,1,1,0,60.0
17,0,Mon,7,12,4,0,0,26.2
11,4,Fri,22,22,3,0,0,59.5
12,4,Fri,2,58,7,1,0,49.0
17,5,Sat,7,15,4,0,1,32.9
17,0,Mon,17,29,4,0,0,47.7
20,5,Sat,9,3,4,1,1,50.9
13,0,Mon,24,39,1,1,0,60.0
13,5,Sat,19,15,5,1,1,60.0
14,2,Wed,16,30,7,1,0,60.0
15,3,Thu,7,52,3,0,0,36.3
14,3,Thu,22,41,2,1,0,60.0
16,0,Mon,10,24,5,0,0,34.5
11,1,Tue,4,43,7,0,0,31.2
16,6,Sun,12,11,1,0,1,33.8
19,4,Fri,20,25,4,1,0,60.0
16,4,Fri,22,36,2,0,0,55.0
10,0,Mon,4,47,7,0,0,33.7
16,5,Sat,23,32,3,0,1,60.0
14,1,Tue,12,27,7,1,0,60.0
12,2,Wed,5,8,5,1,0,29.7
22,5,Sat,4,11,6,0,1,29.9
12,5,Sat,8,4,5,1,1,47.8
13,0,Mon,15,53,7,1,0,60.0
22,0,Mon,1,51,2,0,0,26.7
21,4,Fri,0,53,7,1,0,40.2
11,0,Mon,7,27,7,0,0,33.1
11,0,Mon,18,55,1,0,0,54.5
10,0,Mon,10,34,3,0,0,36.8
14,4,Fri,11,4,2,1,0,38.6
13,2,Wed,11,33,7,1,0,58.0
20,2,Wed,6,45,4,1,0,45.6
19,6,Sun,12,33,3,1,1,60.0
11,6,Sun,7,12,5,0,1,32.3
12,0,Mon,21,38,2,1,0,60.0
16,6,Sun,8,41,5,0,1,45.4
16,4,Fri,6,44,7,0,0,37.6
21,2,Wed,20,47,5,1,0,60.0
13,5,Sat,23,57,5,1,1,60.0
14,2,Wed,14,13,1,1,0,53.5
14,2,Wed,1,10,5,1,0,25.9
15,4,Fri,22,41,4,0,0,60.0
18,6,Sun,19,37,4,0,1,60.0
11,5,Sat,24,3,3,0,1,60.0
14,4,Fri,11,52,7,1,0,60.0
21,0,Mon,0,32,6,1,0,36.8
12,3,Thu,22,6,5,1,0,60.0
13,2,Wed,21,55,5,1,0,60.0
19,3,Thu,7,40,2,1,0,48.3
15,4,Fri,4,7,1,0,0,17.5
21,4,Fri,14,36,6,1,0,60.0
17,4,Fri,0,50,3,0,0,23.8
10,3,Thu,0,9,6,0,0,14.0
19,4,Fri,24,42,5,1,0,60.0
17,0,Mon,9,56,2,0,0,41.0
20,4,Fri,21,14,7,1,0,60.0
16,1,Tue,9,37,1,0,0,36.8
10,6,Sun,20,14,7,0,1,60.0
11,3,Thu,14,4,3,0,0,35.5
12,1,Tue,16,28,6,1,0,60.0
10,4,Fri,21,18,3,0,0,50.8
18,0,Mon,5,53,5,0,0,38.0
17,2,Wed,2,50,3,0,0,30.4
11,5,Sat,12,9,7,0,1,43.6
22,6,Sun,15,11,2,0,1,45.8
18,5,Sat,7,53,3,0,1,43.9
16,4,Fri,14,3,4,0,0,37.6
18,6,Sun,16,30,2,0,1,53.3
15,6,Sun,16,17,6,0,1,50.7
15,0,Mon,21,15,1,0,0,50.5
20,6,Sun,12,39,1,1,1,60.0
13,3,Thu,16,35,5,1,0,60.0
19,1,Tue,5,24,5,1,0,39.3
19,1,Tue,16,22,4,1,0,60.0
22,1,Tue,15,11,6,0,0,43.4
22,3,Thu,13,33,7,0,0,43.4
11,5,Sat,12,35,1,0,1,47.3
16,0,Mon,5,36,1,0,0,22.2
14,6,Sun,2,2,1,1,1,20.1
20,3,Thu,13,8,7,1,0,58.0
15,1,Tue,13,52,1,0,0,42.5
11,4,Fri,14,17,3,0,0,39.6
14,2,Wed,7,42,6,1,0,55.3
19,6,Sun,14,34,2,1,1,60.0
13,3,Thu,21,56,2,1,0,60.0
18,3,Thu,12,54,4,0,0,42.0
15,0,Mon,16,33,3,0,0,49.5
11,0,Mon,20,40,1,0,0,54.3
10,3,Thu,23,13,1,0,0,51.0
14,1,Tue,2,3,5,1,0,24.5
18,2,Wed,5,28,5,0,0,31.9
15,6,Sun,4,40,4,0,1,36.0
19,0,Mon,21,44,1,1,0,60.0
21,6,Sun,16,49,4,1,1,60.0
16,1,Tue,22,14,3,0,0,53.7
14,6,Sun,24,27,2,1,1,60.0
19,4,Fri,1,41,1,1,0,26.2
15,0,Mon,14,15,6,0,0,38.0
14,1,Tue,4,11,7,1,0,35.2
20,1,Tue,19,51,3,1,0,60.0
18,2,Wed,5,4,1,0,0,19.1
15,2,Wed,5,33,7,0,0,34.7
20,4,Fri,17,41,6,1,0,60.0
17,1,Tue,17,0,5,0,0,44.2
11,5,Sat,3,38,4,0,1,35.3
21,1,Tue,16,31,5,1,0,60.0
22,2,Wed,24,25,2,0,0,58.2
18,5,Sat,13,16,5,0,1,44.8
14,0,Mon,13,47,1,1,0,60.0
16,0,Mon,12,58,6,0,0,48.2
19,6,Sun,6,26,5,1,1,51.5
22,3,Thu,11,23,1,0,0,31.7
10,2,Wed,22,34,2,0,0,55.0
19,3,Thu,14,45,7,1,0,60.0
14,5,Sat,18,41,6,1,1,60.0
21,2,Wed,10,53,5,1,0,59.3
19,4,Fri,14,38,4,1,0,60.0
11,1,Tue,11,25,4,0,0,40.6
21,4,Fri,2,48,6,1,0,42.8
15,5,Sat,16,37,4,0,1,60.0
20,2,Wed,2,22,5,1,0,26.9
10,5,Sat,18,21,5,0,1,56.6
12,1,Tue,19,3,6,1,0,60.0
14,0,Mon,3,48,5,1,0,42.9
13,0,Mon,2,58,7,1,0,55.8
12,5,Sat,15,8,1,1,1,54.2
19,3,Thu,11,3,2,1,0,41.1
22,2,Wed,7,6,7,0,0,26.4
14,2,Wed,23,22,7,1,0,60.0
20,0,Mon,16,1,4,1,0,50.9
17,6,Sun,6,48,1,0,1,39.8
20,4,Fri,10,23,6,1,0,51.8
13,6,Sun,17,39,4,1,1,60.0
10,1,Tue,0,54,1,0,0,22.8
20,4,Fri,2,30,5,1,0,27.6
16,4,Fri,3,46,6,0,0,33.6
17,5,Sat,12,30,6,0,1,46.5
12,0,Mon,5,46,4,1,0,40.4
15,6,Sun,13,39,5,0,1,53.1
11,6,Sun,4,47,4,0,1,35.2
16,0,Mon,15,50,3,0,0,53.4
17,6,Sun,14,42,1,0,1,52.4
15,0,Mon,14,33,3,0,0,46.2
15,5,Sat,3,54,1,0,1,32.0
14,3,Thu,7,23,2,1,0,38.5
17,4,Fri,15,48,7,0,0,55.7
10,5,Sat,15,59,6,0,1,60.0
19,2,Wed,3,25,4,1,0,30.5
13,1,Tue,12,15,2,1,0,45.8
13,3,Thu,12,56,2,1,0,60.0
12,2,Wed,1,46,6,1,0,34.3
12,4,Fri,2,12,6,1,0,26.9
13,6,Sun,21,14,1,1,1,60.0
20,0,Mon,7,26,3,1,0,42.2
10,4,Fri,23,3,5,0,0,53.5
20,5,Sat,14,15,1,1,1,60.0
22,1,Tue,10,29,5,0,0,37.8
20,5,Sat,8,43,2,1,1,56.4
11,3,Thu,6,29,5,0,0,30.6
18,3,Thu,12,35,3,0,0,42.1
19,1,Tue,1,2,1,1,0,7.1
11,2,Wed,7,21,6,0,0,29.7
14,2,Wed,6,48,3,1,0,45.4
18,3,Thu,23,21,7,0,0,60.0
18,3,Thu,11,49,3,0,0,44.2
17,6,Sun,18,56,7,0,1,60.0
10,0,Mon,6,49,1,0,0,26.7
10,6,Sun,9,54,6,0,1,49.6
18,6,Sun,24,59,3,0,1,60.0
22,2,Wed,15,48,7,0,0,53.8
20,1,Tue,2,11,6,1,0,26.8
17,2,Wed,9,54,4,0,0,41.3
19,0,Mon,5,20,4,1,0,39.0
18,5,Sat,17,55,4,0,1,60.0
16,3,Thu,17,3,5,0,0,43.1
12,3,Thu,4,30,3,1,0,37.0
12,0,Mon,20,43,1,1,0,60.0
11,6,Sun,6,30,1,0,1,33.1
14,1,Tue,1,57,5,1,0,44.5
21,3,Thu,10,22,1,1,0,41.4
21,4,Fri,12,53,7,1,0,60.0
12,6,Sun,22,52,4,1,1,60.0
15,3,Thu,4,19,3,0,0,20.8
11,4,Fri,5,14,1,0,0,17.8
21,0,Mon,23,22,1,1,0,60.0
12,0,Mon,13,27,2,1,0,53.7
14,6,Sun,11,15,2,1,1,49.8
21,3,Thu,3,36,2,1,0,29.7
20,2,Wed,22,20,3,1,0,60.0
20,4,Fri,5,14,4,1,0,32.1
10,1,Tue,9,16,6,0,0,31.6
22,3,Thu,17,49,4,0,0,55.3
10,1,Tue,14,36,4,0,0,49.6
19,3,Thu,7,12,3,1,0,33.6
18,2,Wed,8,18,7,0,0,34.6
16,2,Wed,4,29,7,0,0,31.7
10,6,Sun,9,44,3,0,1,41.1
21,6,Sun,19,17,2,1,1,60.0
17,2,Wed,5,13,1,0,0,21.2
12,5,Sat,15,35,5,1,1,60.0
17,2,Wed,23,35,5,0,0,60.0
14,0,Mon,2,19,6,1,0,28.0
10,0,Mon,9,51,1,0,0,36.8
16,5,Sat,10,18,6,0,1,41.4
14,4,Fri,10,44,2,1,0,55.8
15,1,Tue,16,43,6,0,0,54.3
15,3,Thu,3,6,1,0,0,13.6
17,3,Thu,3,56,1,0,0,33.4
18,5,Sat,16,43,5,0,1,60.0
11,0,Mon,8,52,7,0,0,39.4
18,6,Sun,18,3,2,0,1,47.8
21,3,Thu,4,58,3,1,0,53.3
20,0,Mon,21,33,6,1,0,60.0
19,4,Fri,23,1,5,1,0,60.0
18,1,Tue,5,4,6,0,0,21.5
22,4,Fri,2,54,6,0,0,31.5
19,5,Sat,21,9,3,1,1,60.0
19,2,Wed,0,31,2,1,0,23.1
16,2,Wed,19,41,1,0,0,53.7
10,2,Wed,21,40,4,0,0,60.0
16,4,Fri,15,12,6,0,0,44.3
19,3,Thu,22,38,4,1,0,60.0
14,1,Tue,10,4,2,1,0,41.9
15,2,Wed,12,57,4,0,0,50.3
19,5,Sat,9,9,6,1,1,49.8
16,5,Sat,2,9,3,0,1,22.6
14,2,Wed,8,37,4,1,0,51.2
16,2,Wed,11,26,2,0,0,34.6
18,1,Tue,22,59,2,0,0,60.0
12,2,Wed,13,50,7,1,0,60.0
17,1,Tue,0,20,7,0,0,22.8
11,5,Sat,17,7,3,0,1,53.7
20,2,Wed,16,0,4,1,0,54.3
16,4,Fri,8,27,4,0,0,28.8
22,6,Sun,8,48,7,0,1,48.0
11,4,Fri,22,38,1,0,0,54.0
13,5,Sat,9,13,5,1,1,46.7
16,1,Tue,18,20,2,0,0,49.9
12,4,Fri,14,29,1,1,0,60.0
11,1,Tue,4,20,2,0,0,18.4
20,4,Fri,14,48,1,1,0,60.0
19,4,Fri,19,8,7,1,0,60.0
16,1,Tue,22,16,7,0,0,57.8
10,3,Thu,24,4,5,0,0,58.7
17,4,Fri,1,57,1,0,0,27.3
12,2,Wed,12,56,2,1,0,60.0
21,6,Sun,23,30,4,1,1,60.0
21,5,Sat,15,51,2,1,1,60.0
22,3,Thu,14,39,6,0,0,50.4
11,1,Tue,24,37,7,0,0,60.0
12,3,Thu,9,42,3,1,0,52.0
14,0,Mon,13,18,3,1,0,53.3
20,0,Mon,9,35,7,1,0,56.9
17,4,Fri,24,49,6,0,0,60.0
19,4,Fri,13,32,3,1,0,56.1
16,2,Wed,22,12,7,0,0,54.6
16,6,Sun,8,13,3,0,1,30.0
21,5,Sat,24,55,7,1,1,60.0
16,3,Thu,13,32,5,0,0,43.3
17,0,Mon,2,28,4,0,0,20.6
10,4,Fri,19,42,4,0,0,55.2
13,5,Sat,15,48,2,1,1,60.0
22,3,Thu,1,35,6,0,0,27.3
15,4,Fri,9,57,7,0,0,46.7
18,4,Fri,2,43,1,0,0,22.5
22,0,Mon,10,9,2,0,0,26.2
11,0,Mon,10,30,2,0,0,34.0
10,4,Fri,20,5,7,0,0,53.3
22,1,Tue,20,56,7,0,0,60.0
19,4,Fri,21,0,2,1,0,60.0
21,5,Sat,12,6,2,1,1,54.9
11,4,Fri,6,57,4,0,0,38.6
16,2,Wed,22,26,1,0,0,54.4
12,6,Sun,16,20,2,1,1,60.0
19,2,Wed,1,27,4,1,0,26.4
11,2,Wed,11,15,2,0,0,31.9
20,1,Tue,24,55,3,1,0,60.0
16,1,Tue,9,45,2,0,0,38.4
22,4,Fri,17,22,7,0,0,50.8
22,2,Wed,21,51,6,0,0,60.0
11,1,Tue,10,19,6,0,0,33.5
12,0,Mon,15,37,2,1,0,60.0
20,4,Fri,16,53,5,1,0,60.0
16,5,Sat,18,24,3,0,1,57.8
13,6,Sun,17,27,1,1,1,60.0
22,3,Thu,2,4,2,0,0,14.2
10,4,Fri,20,55,1,0,0,60.0
22,3,Thu,15,20,3,0,0,43.3
14,2,Wed,5,17,2,1,0,30.6
21,6,Sun,24,46,5,1,1,60.0
18,3,Thu,11,5,4,0,0,31.0
17,2,Wed,10,56,5,0,0,46.7
21,0,Mon,14,28,7,1,0,60.0
18,3,Thu,14,18,5,0,0,43.3
19,6,Sun,15,32,4,1,1,60.0
18,4,Fri,9,0,7,0,0,30.6
16,2,Wed,11,44,4,0,0,42.2
13,4,Fri,12,2,6,1,0,47.7
14,6,Sun,3,41,4,1,1,48.6
10,1,Tue,6,20,2,0,0,23.7
10,2,Wed,21,34,1,0,0,55.9
12,3,Thu,1,40,6,1,0,35.9
22,2,Wed,14,39,6,0,0,52.5
17,4,Fri,7,2,1,0,0,22.8
11,0,Mon,6,24,6,0,0,29.5
13,2,Wed,14,44,4,1,0,60.0
11,3,Thu,22,37,5,0,0,60.0
14,1,Tue,13,44,3,1,0,60.0
18,5,Sat,7,54,4,0,1,44.0
10,0,Mon,11,19,7,0,0,36.7
14,1,Tue,12,51,7,1,0,60.0
18,2,Wed,10,43,5,0,0,44.1
10,4,Fri,16,44,5,0,0,55.1
18,6,Sun,16,33,6,0,1,60.0
17,4,Fri,23,20,2,0,0,58.6
13,3,Thu,3,55,2,1,0,41.0
21,4,Fri,20,54,6,1,0,60.0
20,0,Mon,7,47,6,1,0,50.6
19,4,Fri,4,22,1,1,0,27.4
14,3,Thu,15,5,1,1,0,48.1
22,5,Sat,3,50,3,0,1,34.6
14,2,Wed,21,52,3,1,0,60.0
20,6,Sun,14,12,3,1,1,60.0
21,2,Wed,11,48,3,1,0,60.0
15,4,Fri,4,22,5,0,0,23.3
16,1,Tue,22,8,5,0,0,50.7
17,2,Wed,15,16,1,0,0,36.5
17,5,Sat,13,1,2,0,1,38.5
20,4,Fri,9,18,6,1,0,45.6
22,6,Sun,6,18,7,0,1,35.2
11,3,Thu,12,55,2,0,0,43.4
18,5,Sat,19,6,4,0,1,59.7
16,4,Fri,4,53,5,0,0,34.2
13,5,Sat,2,41,3,1,1,45.0
13,2,Wed,14,41,3,1,0,60.0
20,6,Sun,3,58,4,1,1,54.6
17,3,Thu,14,19,2,0,0,38.1
13,4,Fri,13,8,3,1,0,46.1
22,0,Mon,19,16,2,0,0,45.5
15,3,Thu,18,26,6,0,0,50.4
14,0,Mon,12,46,4,1,0,60.0
12,5,Sat,9,1,7,1,1,57.2
22,1,Tue,20,35,2,0,0,54.5
19,3,Thu,4,18,6,1,0,38.8
20,5,Sat,22,16,2,1,1,60.0
11,0,Mon,19,4,2,0,0,40.3
18,2,Wed,19,38,3,0,0,52.2
19,2,Wed,24,17,1,1,0,60.0
18,1,Tue,5,52,5,0,0,35.7
10,3,Thu,3,53,2,0,0,28.4
19,3,Thu,1,58,2,1,0,35.1
12,3,Thu,21,6,2,1,0,60.0
17,5,Sat,15,16,1,0,1,46.0
15,6,Sun,17,38,6,0,1,60.0
14,6,Sun,4,35,7,1,1,57.2
14,1,Tue,21,39,7,1,0,60.0
15,3,Thu,3,44,4,0,0,30.8
16,5,Sat,12,3,3,0,1,37.5
10,2,Wed,18,37,1,0,0,46.6
18,0,Mon,22,24,6,0,0,60.0
12,5,Sat,1,4,2,1,1,25.1
13,6,Sun,12,29,6,1,1,60.0
19,6,Sun,10,11,1,1,1,46.5
10,2,Wed,21,3,1,0,0,44.4
22,2,Wed,3,23,1,0,0,17.6
20,0,Mon,21,28,4,1,0,60.0
19,2,Wed,19,8,5,1,0,60.0
12,1,Tue,19,3,3,1,0,60.0
11,0,Mon,14,50,4,0,0,50.1
11,2,Wed,3,23,4,0,0,21.3
10,4,Fri,8,13,5,0,0,28.1
17,5,Sat,6,4,4,0,1,24.4
12,2,Wed,18,17,1,1,0,60.0
12,1,Tue,18,41,1,1,0,60.0
15,3,Thu,5,56,6,0,0,36.4
22,2,Wed,5,18,2,0,0,24.4
17,6,Sun,19,11,4,0,1,54.5
22,6,Sun,14,17,2,0,1,47.3
18,6,Sun,14,16,3,0,1,41.4
18,3,Thu,24,29,7,0,0,60.0
13,6,Sun,19,23,1,1,1,60.0
14,4,Fri,8,10,6,1,0,39.0
11,2,Wed,3,34,3,0,0,25.6
20,6,Sun,17,22,6,1,1,60.0
18,0,Mon,17,16,7,0,0,50.6
17,3,Thu,4,0,7,0,0,18.0
12,4,Fri,19,14,5,1,0,60.0
20,0,Mon,22,31,1,1,0,60.0
21,0,Mon,10,59,3,1,0,58.9
22,0,Mon,4,8,5,0,0,21.8
18,0,Mon,21,14,7,0,0,57.3
12,2,Wed,3,27,3,1,0,30.0
18,6,Sun,11,23,6,0,1,50.3
11,5,Sat,1,59,5,0,1,34.7
21,2,Wed,12,34,5,1,0,60.0
19,2,Wed,9,21,1,1,0,41.8
18,4,Fri,8,26,2,0,0,27.2
17,4,Fri,9,18,6,0,0,37.8
18,6,Sun,6,44,6,0,1,42.4
14,5,Sat,3,11,5,1,1,37.1
20,4,Fri,18,19,5,1,0,60.0
20,6,Sun,9,0,1,1,1,38.9
11,6,Sun,2,20,2,0,1,22.6
17,1,Tue,24,48,6,0,0,60.0
21,5,Sat,20,44,7,1,1,60.0
15,4,Fri,18,0,4,0,0,43.3
17,5,Sat,20,9,4,0,1,59.3
20,2,Wed,1,46,2,1,0,32.8
14,2,Wed,19,58,3,1,0,60.0
19,5,Sat,9,58,1,1,1,60.0
11,1,Tue,1,31,2,0,0,22.4
15,1,Tue,1,38,4,0,0,22.4
14,5,Sat,23,59,5,1,1,60.0
21,4,Fri,16,21,4,1,0,60.0
22,3,Thu,15,17,5,0,0,41.3
21,1,Tue,15,47,1,1,0,60.0
14,0,Mon,13,45,5,1,0,60.0
22,2,Wed,6,31,2,0,0,28.6
10,5,Sat,20,26,5,0,1,60.0
11,0,Mon,10,27,3,0,0,37.5
17,5,Sat,23,17,2,0,1,60.0
22,6,Sun,0,58,1,0,1,30.3
22,2,Wed,10,38,2,0,0,34.7
12,2,Wed,22,48,3,1,0,60.0
19,1,Tue,20,28,1,1,0,60.0
12,1,Tue,3,17,4,1,0,30.3
17,0,Mon,6,43,3,0,0,28.9
17,6,Sun,14,7,1,0,1,41.7
11,5,Sat,17,53,7,0,1,60.0
17,6,Sun,11,30,5,0,1,47.1
20,2,Wed,16,33,2,1,0,59.8
22,0,Mon,0,6,1,0,0,9.3
22,3,Thu,10,35,2,0,0,36.0
10,0,Mon,0,17,5,0,0,14.6
15,4,Fri,14,59,1,0,0,52.0
17,0,Mon,20,37,4,0,0,55.1
12,6,Sun,9,58,7,1,1,60.0
17,4,Fri,6,8,7,0,0,27.6
21,4,Fri,1,58,3,1,0,34.0
10,4,Fri,9,8,1,0,0,23.1
20,3,Thu,23,45,5,1,0,60.0
20,0,Mon,3,7,1,1,0,15.2
18,6,Sun,11,50,2,0,1,49.5
22,0,Mon,18,34,6,0,0,52.0
20,3,Thu,10,17,1,1,0,41.5
22,2,Wed,7,4,7,0,0,24.7
18,1,Tue,17,13,7,0,0,48.0
14,6,Sun,10,27,7,1,1,60.0
19,6,Sun,10,29,4,1,1,60.0
13,0,Mon,12,3,1,1,0,40.0
20,1,Tue,2,38,3,1,0,30.3
15,5,Sat,11,19,1,0,1,38.4
21,5,Sat,2,24,6,1,1,36.3
16,3,Thu,9,27,7,0,0,38.1
14,5,Sat,16,11,2,1,1,60.0
20,6,Sun,21,1,7,1,1,60.0
22,5,Sat,1,42,1,0,1,24.8
19,2,Wed,16,13,4,1,0,60.0
18,2,Wed,15,21,5,0,0,46.9
12,2,Wed,1,30,1,1,0,25.4
16,5,Sat,21,22,1,0,1,60.0
19,3,Thu,19,47,3,1,0,60.0
19,4,Fri,5,19,4,1,0,36.9
20,4,Fri,24,37,6,1,0,60.0
14,1,Tue,9,54,5,1,0,60.0
16,4,Fri,9,3,7,0,0,31.3
11,4,Fri,7,14,2,0,0,25.0
13,2,Wed,0,23,1,1,0,20.0
11,2,Wed,12,24,6,0,0,39.2
22,5,Sat,23,0,5,0,1,60.0
22,1,Tue,8,6,2,0,0,21.5
21,0,Mon,21,56,6,1,0,60.0
16,6,Sun,9,30,4,0,1,39.7
11,1,Tue,14,11,4,0,0,36.7
22,1,Tue,4,41,5,0,0,31.6
20,3,Thu,21,4,7,1,0,60.0
10,5,Sat,15,43,2,0,1,55.8
18,3,Thu,12,49,4,0,0,45.2
10,1,Tue,21,41,5,0,0,56.4
17,1,Tue,24,37,4,0,0,60.0
11,1,Tue,19,59,4,0,0,60.0
21,4,Fri,17,11,6,1,0,60.0
17,6,Sun,10,38,6,0,1,45.4
22,6,Sun,8,17,4,0,1,32.7
12,3,Thu,15,1,3,1,0,51.3
15,1,Tue,1,9,6,0,0,17.4
12,6,Sun,24,14,2,1,1,60.0
16,2,Wed,1,29,5,0,0,20.1
19,6,Sun,11,43,5,1,1,60.0
18,5,Sat,7,57,7,0,1,52.6
11,5,Sat,8,16,2,0,1,33.9
21,6,Sun,11,3,2,1,1,51.5
21,2,Wed,8,6,2,1,0,29.9
14,5,Sat,9,40,7,1,1,60.0
22,4,Fri,24,30,2,0,0,59.5
15,6,Sun,1,50,1,0,1,27.7
13,4,Fri,15,59,7,1,0,60.0
13,6,Sun,19,58,5,1,1,60.0
13,0,Mon,6,54,1,1,0,40.4
11,0,Mon,1,38,7,0,0,28.0
13,0,Mon,0,54,4,1,0,37.4
20,5,Sat,18,33,4,1,1,60.0
10,4,Fri,3,5,5,0,0,19.1
21,4,Fri,23,49,4,1,0,60.0
15,4,Fri,21,37,2,0,0,53.3
10,2,Wed,1,44,7,0,0,28.4
19,4,Fri,24,57,1,1,0,60.0
15,2,Wed,13,50,2,0,0,45.6
10,0,Mon,1,33,4,0,0,20.8
15,0,Mon,14,43,6,0,0,51.3
19,5,Sat,11,14,1,1,1,47.1
17,6,Sun,4,13,2,0,1,21.2
20,0,Mon,19,5,7,1,0,59.7
11,6,Sun,6,49,5,0,1,45.1
11,6,Sun,23,36,2,0,1,60.0
22,5,Sat,20,49,6,0,1,60.0
21,1,Tue,9,31,4,1,0,45.2
13,1,Tue,13,2,1,1,0,43.4
20,3,Thu,13,2,5,1,0,53.6
12,5,Sat,4,21,1,1,1,32.5
13,3,Thu,17,21,5,1,0,60.0
22,3,Thu,23,9,7,0,0,55.8
21,1,Tue,13,50,1,1,0,60.0
16,5,Sat,1,2,4,0,1,11.0
22,1,Tue,11,11,7,0,0,38.1
20,3,Thu,21,28,7,1,0,60.0
10,5,Sat,23,47,5,0,1,60.0
15,3,Thu,5,16,3,0,0,20.8
12,4,Fri,3,6,1,1,0,18.9
20,6,Sun,12,12,1,1,1,55.9
19,5,Sat,3,55,2,1,1,54.2
16,5,Sat,21,1,5,0,1,58.6
19,6,Sun,13,3,6,1,1,56.7
11,3,Thu,15,9,3,0,0,38.8
11,4,Fri,3,38,4,0,0,30.2
22,2,Wed,23,23,2,0,0,52.5
13,6,Sun,24,16,3,1,1,60.0
10,1,Tue,0,51,5,0,0,27.5
12,3,Thu,12,5,3,1,0,44.8
22,6,Sun,3,18,7,0,1,27.7
18,6,Sun,19,4,1,0,1,50.4
16,5,Sat,17,31,7,0,1,60.0
16,1,Tue,5,9,1,0,0,17.7
22,1,Tue,2,8,2,0,0,13.0
22,1,Tue,22,26,5,0,0,59.6
20,6,Sun,12,12,5,1,1,59.9
13,2,Wed,15,18,3,1,0,60.0
11,0,Mon,4,20,2,0,0,24.7
13,3,Thu,3,23,5,1,0,30.1
15,0,Mon,20,37,6,0,0,56.8
20,6,Sun,7,3,6,1,1,44.4
20,0,Mon,18,23,7,1,0,60.0
12,6,Sun,13,58,1,1,1,60.0
10,0,Mon,6,34,3,0,0,25.5
21,1,Tue,13,2,4,1,0,46.2
17,4,Fri,5,3,1,0,0,16.0
21,1,Tue,11,56,2,1,0,60.0
22,1,Tue,15,36,5,0,0,51.6
14,5,Sat,16,39,1,1,1,60.0
14,5,Sat,12,47,4,1,1,60.0
20,0,Mon,22,53,4,1,0,60.0
13,6,Sun,13,34,6,1,1,60.0
15,1,Tue,6,30,2,0,0,27.8
12,0,Mon,13,55,1,1,0,60.0
18,5,Sat,14,43,3,0,1,54.9
14,4,Fri,11,24,1,1,0,40.1
12,3,Thu,16,39,6,1,0,60.0
20,0,Mon,8,12,7,1,0,47.2
10,4,Fri,21,3,4,0,0,45.4
19,3,Thu,14,45,2,1,0,60.0
21,2,Wed,11,13,2,1,0,46.3
15,0,Mon,1,12,3,0,0,13.3
11,0,Mon,4,26,2,0,0,24.8
22,2,Wed,12,5,6,0,0,35.0
12,2,Wed,19,16,6,1,0,60.0
10,0,Mon,22,35,6,0,0,60.0
18,2,Wed,7,39,2,0,0,29.8
17,1,Tue,13,48,2,0,0,43.8
21,3,Thu,14,34,6,1,0,60.0
11,3,Thu,10,16,2,0,0,27.9
21,3,Thu,0,40,2,1,0,27.6
20,1,Tue,20,1,4,1,0,60.0
17,6,Sun,2,56,1,0,1,33.1
21,2,Wed,16,12,5,1,0,55.9
18,4,Fri,18,51,2,0,0,52.9
10,2,Wed,13,1,5,0,0,34.8
22,0,Mon,21,51,7,0,0,60.0
14,5,Sat,22,27,5,1,1,60.0
17,3,Thu,7,42,4,0,0,33.8
20,2,Wed,12,58,2,1,0,60.0
11,4,Fri,19,25,6,0,0,52.6
13,0,Mon,2,21,5,1,0,29.1
16,1,Tue,4,46,2,0,0,23.7
12,6,Sun,8,42,3,1,1,55.7
22,1,Tue,5,54,7,0,0,37.1
21,4,Fri,24,2,6,1,0,60.0
14,0,Mon,21,34,3,1,0,60.0
17,3,Thu,1,59,3,0,0,26.9
21,2,Wed,12,57,5,1,0,60.0
19,0,Mon,4,11,3,1,0,27.1
12,6,Sun,24,23,4,1,1,60.0
13,1,Tue,7,4,4,1,0,34.8
18,6,Sun,22,19,5,0,1,60.0
16,6,Sun,0,38,2,0,1,19.1
10,4,Fri,19,38,1,0,0,51.7
21,4,Fri,11,12,2,1,0,45.6
13,2,Wed,22,40,2,1,0,60.0
13,4,Fri,10,56,2,1,0,60.0
18,4,Fri,6,52,2,0,0,33.3
15,0,Mon,14,44,6,0,0,51.4
18,3,Thu,21,11,1,0,0,48.9
21,2,Wed,23,12,6,1,0,60.0
15,0,Mon,10,55,3,0,0,43.6
15,3,Thu,21,9,7,0,0,53.4
14,6,Sun,15,32,2,1,1,60.0
14,0,Mon,2,56,7,1,0,46.8
11,5,Sat,19,39,4,0,1,60.0
17,0,Mon,13,53,5,0,0,49.0
17,4,Fri,2,15,5,0,0,22.0
20,3,Thu,0,44,6,1,0,38.2
22,2,Wed,20,34,6,0,0,55.0
10,2,Wed,14,2,4,0,0,33.4
17,3,Thu,0,55,2,0,0,23.2
14,4,Fri,16,4,7,1,0,59.0
11,1,Tue,1,25,7,0,0,23.3
11,0,Mon,19,10,1,0,0,40.9
15,4,Fri,5,6,3,0,0,21.3
20,5,Sat,7,52,5,1,1,60.0
22,6,Sun,15,55,3,0,1,60.0
18,3,Thu,18,9,1,0,0,41.3
10,0,Mon,0,41,6,0,0,23.7
21,2,Wed,2,51,7,1,0,39.5
15,6,Sun,2,33,5,0,1,29.4
18,1,Tue,4,2,3,0,0,15.8
17,5,Sat,11,7,6,0,1,38.6
20,2,Wed,11,30,1,1,0,52.1
15,3,Thu,19,10,3,0,0,47.1
12,0,Mon,12,44,7,1,0,60.0
17,3,Thu,19,6,2,0,0,45.1
18,6,Sun,8,44,6,0,1,46.2
10,0,Mon,6,1,1,0,0,15.5
21,4,Fri,3,5,3,1,0,20.3
18,1,Tue,18,40,7,0,0,56.5
15,4,Fri,21,31,2,0,0,54.7
15,4,Fri,18,19,2,0,0,42.4
21,3,Thu,5,56,1,1,0,46.6
13,6,Sun,12,33,4,1,1,60.0
10,1,Tue,10,49,7,0,0,47.2
19,0,Mon,12,15,7,1,0,52.1
17,0,Mon,12,24,5,0,0,40.3
11,5,Sat,24,11,1,0,1,60.0
21,2,Wed,21,6,2,1,0,60.0
10,5,Sat,19,38,2,0,1,60.0
11,5,Sat,14,16,1,0,1,45.1
10,0,Mon,20,44,4,0,0,57.1
10,3,Thu,12,10,5,0,0,35.1
18,4,Fri,21,5,3,0,0,50.9
22,6,Sun,10,22,1,0,1,34.9
10,4,Fri,18,26,5,0,0,54.3
22,4,Fri,7,45,7,0,0,38.8
13,1,Tue,19,5,5,1,0,60.0
19,0,Mon,7,37,6,1,0,52.0
15,6,Sun,9,1,2,0,1,28.9
16,3,Thu,15,21,3,0,0,41.9
11,1,Tue,18,19,1,0,0,42.8
15,2,Wed,22,24,2,0,0,54.4
16,3,Thu,10,14,6,0,0,30.3
19,5,Sat,12,59,6,1,1,60.0
19,3,Thu,8,48,2,1,0,54.3
11,3,Thu,19,28,4,0,0,48.9
11,4,Fri,23,7,5,0,0,53.7
19,3,Thu,18,36,1,1,0,60.0
16,5,Sat,15,48,1,0,1,53.5
21,5,Sat,6,51,1,1,1,47.4
10,0,Mon,18,32,2,0,0,47.0
17,3,Thu,11,21,7,0,0,39.0
20,4,Fri,14,49,4,1,0,60.0
22,3,Thu,22,46,3,0,0,59.0
12,2,Wed,13,4,6,1,0,52.3
20,2,Wed,10,38,2,1,0,52.1
15,4,Fri,9,17,7,0,0,38.0
18,0,Mon,10,37,3,0,0,38.8
15,0,Mon,5,53,6,0,0,38.4
18,5,Sat,1,52,6,0,1,37.2
16,5,Sat,10,36,4,0,1,44.1
18,1,Tue,18,29,5,0,0,51.0
11,4,Fri,5,50,1,0,0,32.4
21,3,Thu,13,30,3,1,0,51.7
17,6,Sun,19,9,2,0,1,51.5
17,4,Fri,5,14,3,0,0,19.1
11,1,Tue,16,41,5,0,0,52.6
21,5,Sat,9,58,1,1,1,60.0
13,4,Fri,0,47,3,1,0,33.5
20,4,Fri,2,43,5,1,0,38.2
16,5,Sat,7,17,2,0,1,26.4
20,1,Tue,7,22,4,1,0,36.4
13,5,Sat,19,32,7,1,1,60.0
13,0,Mon,21,15,6,1,0,60.0
15,3,Thu,14,53,2,0,0,47.4
19,5,Sat,23,37,1,1,1,60.0
15,1,Tue,6,34,6,0,0,34.7
19,2,Wed,10,33,7,1,0,60.0
12,0,Mon,6,27,2,1,0,35.9
18,2,Wed,3,1,2,0,0,11.8
21,6,Sun,24,29,2,1,1,60.0
19,5,Sat,11,12,2,1,1,49.9
20,0,Mon,5,40,6,1,0,45.0
11,3,Thu,13,15,1,0,0,33.7
15,5,Sat,11,58,7,0,1,60.0
21,3,Thu,10,4,5,1,0,44.3
16,4,Fri,18,54,3,0,0,58.8
21,2,Wed,20,27,4,1,0,60.0
22,0,Mon,4,52,7,0,0,38.0
18,3,Thu,13,38,3,0,0,41.1
22,1,Tue,20,44,3,0,0,59.6
12,3,Thu,23,19,4,1,0,60.0
19,1,Tue,15,23,7,1,0,60.0
12,5,Sat,24,26,6,1,1,60.0
16,0,Mon,12,29,1,0,0,37.6
13,3,Thu,24,57,4,1,0,60.0
22,6,Sun,21,44,1,0,1,60.0
17,3,Thu,21,26,6,0,0,56.3
22,6,Sun,24,25,3,0,1,60.0
16,0,Mon,19,6,1,0,0,40.4
14,3,Thu,21,41,6,1,0,60.0
16,1,Tue,3,46,6,0,0,32.9
12,3,Thu,10,52,5,1,0,60.0
21,2,Wed,16,58,4,1,0,60.0
11,5,Sat,6,37,5,0,1,36.5
15,4,Fri,13,4,3,0,0,34.3
11,1,Tue,10,22,4,0,0,33.1
12,2,Wed,21,27,3,1,0,60.0
15,6,Sun,8,33,5,0,1,41.1
14,5,Sat,22,52,7,1,1,60.0
17,0,Mon,12,14,6,0,0,37.3
18,1,Tue,22,31,3,0,0,60.0
20,4,Fri,17,25,4,1,0,60.0
12,5,Sat,10,47,4,1,1,60.0
21,6,Sun,14,30,3,1,1,60.0
19,4,Fri,24,18,4,1,0,60.0
12,0,Mon,24,8,6,1,0,60.0
12,0,Mon,21,28,7,1,0,60.0
22,6,Sun,18,53,6,0,1,60.0
22,1,Tue,0,57,4,0,0,26.4
15,6,Sun,3,50,3,0,1,35.2
10,3,Thu,13,38,5,0,0,45.8
16,0,Mon,13,3,4,0,0,31.1
21,5,Sat,2,2,4,1,1,22.4
10,3,Thu,16,55,4,0,0,55.1
14,2,Wed,2,28,4,1,0,30.8
19,4,Fri,15,51,3,1,0,60.0
22,3,Thu,13,10,5,0,0,38.9
17,4,Fri,19,32,5,0,0,55.1
13,6,Sun,12,37,1,1,1,60.0
14,3,Thu,14,57,4,1,0,60.0
13,6,Sun,13,10,4,1,1,59.7
21,2,Wed,23,26,1,1,0,60.0
21,0,Mon,24,32,5,1,0,60.0
13,2,Wed,18,20,2,1,0,60.0
21,0,Mon,5,38,6,1,0,47.5
17,6,Sun,9,30,2,0,1,41.1
11,0,Mon,14,37,5,0,0,45.3
10,4,Fri,20,45,7,0,0,60.0
12,5,Sat,21,1,4,1,1,60.0
18,2,Wed,19,26,2,0,0,50.8
13,3,Thu,5,35,3,1,0,41.6
19,2,Wed,22,10,3,1,0,60.0
14,4,Fri,24,46,1,1,0,60.0
11,0,Mon,9,17,5,0,0,31.0
13,4,Fri,6,58,5,1,0,58.5
11,1,Tue,21,0,2,0,0,42.4
11,1,Tue,16,34,4,0,0,50.4
13,3,Thu,17,34,5,1,0,60.0
15,4,Fri,16,30,2,0,0,45.1
16,6,Sun,8,27,2,0,1,32.5
19,3,Thu,9,38,6,1,0,55.4
12,6,Sun,9,0,6,1,1,52.6
12,3,Thu,24,24,5,1,0,60.0
19,1,Tue,6,42,2,1,0,43.7
15,3,Thu,15,37,1,0,0,42.3
22,1,Tue,17,19,1,0,0,46.0
21,0,Mon,5,2,6,1,0,32.8
12,6,Sun,19,50,5,1,1,60.0
22,4,Fri,0,1,4,0,0,10.8
11,3,Thu,0,17,7,0,0,19.1
17,1,Tue,11,43,1,0,0,37.6
14,2,Wed,20,9,1,1,0,60.0
10,6,Sun,1,4,6,0,1,20.9
12,3,Thu,3,8,6,1,0,27.2
19,5,Sat,16,1,5,1,1,60.0
17,0,Mon,3,33,6,0,0,24.0
13,0,Mon,10,59,3,1,0,60.0
16,2,Wed,21,37,7,0,0,60.0
19,1,Tue,3,30,2,1,0,33.5
21,3,Thu,0,9,1,1,0,13.1
11,6,Sun,6,49,3,0,1,38.9
16,1,Tue,17,11,4,0,0,43.6
14,0,Mon,8,35,3,1,0,41.6
14,1,Tue,2,53,5,1,0,44.6
15,0,Mon,7,20,4,0,0,28.8
22,1,Tue,23,48,4,0,0,60.0
18,2,Wed,18,46,6,0,0,59.9
15,4,Fri,3,5,3,0,0,15.6
21,2,Wed,17,47,5,1,0,60.0
22,2,Wed,19,48,1,0,0,56.7
17,4,Fri,10,2,7,0,0,30.9
16,4,Fri,13,9,6,0,0,36.6
18,3,Thu,24,4,3,0,0,49.6
13,6,Sun,17,45,1,1,1,60.0
11,6,Sun,15,25,3,0,1,52.8
16,3,Thu,2,20,6,0,0,19.2
15,2,Wed,14,44,1,0,0,47.4
10,2,Wed,3,25,6,0,0,23.5
20,0,Mon,4,37,3,1,0,31.8
18,0,Mon,16,43,4,0,0,54.5
18,6,Sun,6,25,7,0,1,33.3
21,3,Thu,15,7,2,1,0,53.8
11,5,Sat,13,4,7,0,1,47.3
12,5,Sat,15,14,4,1,1,60.0
14,3,Thu,6,58,6,1,0,55.1
14,0,Mon,8,15,7,1,0,46.6
10,6,Sun,3,0,6,0,1,23.6
17,6,Sun,21,15,6,0,1,60.0
21,0,Mon,10,36,1,1,0,51.7
17,5,Sat,1,2,5,0,1,18.3
13,1,Tue,11,51,6,1,0,60.0
22,1,Tue,11,46,7,0,0,45.9
16,0,Mon,3,30,7,0,0,29.7
20,1,Tue,17,12,7,1,0,60.0
19,4,Fri,20,55,4,1,0,60.0
12,3,Thu,6,15,2,1,0,30.8
15,3,Thu,0,54,6,0,0,30.0
19,0,Mon,22,42,6,1,0,60.0
22,2,Wed,12,20,6,0,0,42.0
19,5,Sat,5,1,1,1,1,24.9
21,0,Mon,5,53,6,1,0,49.1
18,1,Tue,11,26,4,0,0,41.8
10,5,Sat,7,37,3,0,1,34.7
14,2,Wed,23,25,5,1,0,60.0
13,1,Tue,21,57,7,1,0,60.0
17,6,Sun,18,58,6,0,1,60.0
20,4,Fri,4,37,1,1,0,36.1
21,1,Tue,17,45,4,1,0,60.0
10,4,Fri,4,24,6,0,0,26.4
18,5,Sat,24,10,1,0,1,60.0
15,4,Fri,9,7,3,0,0,26.5
13,5,Sat,0,7,2,1,1,14.9
21,5,Sat,9,32,6,1,1,60.0
18,5,Sat,4,52,4,0,1,36.8
20,5,Sat,11,6,1,1,1,49.3
14,5,Sat,21,37,1,1,1,60.0
14,1,Tue,6,20,6,1,0,37.1
21,5,Sat,8,7,1,1,1,41.4
14,1,Tue,21,50,2,1,0,60.0
10,5,Sat,20,53,1,0,1,60.0
10,4,Fri,11,20,7,0,0,39.4
17,6,Sun,22,55,5,0,1,60.0
21,5,Sat,0,19,7,1,1,34.1
17,2,Wed,10,7,5,0,0,25.4
21,5,Sat,20,57,1,1,1,60.0
15,5,Sat,14,45,6,0,1,60.0
21,4,Fri,1,30,5,1,0,28.6
20,3,Thu,19,49,4,1,0,60.0
22,4,Fri,6,56,5,0,0,41.1
13,2,Wed,20,28,7,1,0,60.0
11,3,Thu,11,47,1,0,0,41.6
11,0,Mon,21,8,6,0,0,54.7
18,0,Mon,17,14,3,0,0,44.4
14,2,Wed,2,29,6,1,0,30.3
13,4,Fri,6,25,6,1,0,41.0
19,1,Tue,10,9,6,1,0,53.7
22,2,Wed,17,28,4,0,0,47.8
10,6,Sun,11,53,2,0,1,58.9
16,3,Thu,5,15,7,0,0,30.3
12,3,Thu,4,35,1,1,0,34.9
15,5,Sat,0,19,2,0,1,16.4
14,0,Mon,11,44,3,1,0,56.9
14,3,Thu,10,53,2,1,0,57.6
20,2,Wed,3,36,1,1,0,29.4
14,3,Thu,17,21,7,1,0,60.0
10,2,Wed,3,6,7,0,0,17.9
10,1,Tue,16,22,1,0,0,38.8
12,5,Sat,1,40,3,1,1,42.0
21,0,Mon,23,39,1,1,0,60.0
19,3,Thu,21,28,3,1,0,60.0
13,2,Wed,1,15,3,1,0,15.6
14,4,Fri,11,37,1,1,0,53.7
11,0,Mon,5,27,5,0,0,27.7
17,1,Tue,9,47,7,0,0,46.3
20,2,Wed,24,37,3,1,0,60.0
20,6,Sun,22,30,1,1,1,60.0
11,6,Sun,24,13,5,0,1,60.0
18,5,Sat,20,52,7,0,1,60.0
11,5,Sat,22,32,3,0,1,60.0
22,1,Tue,15,56,7,0,0,58.4
18,1,Tue,13,8,5,0,0,35.7
16,5,Sat,6,56,7,0,1,46.2
17,3,Thu,18,26,4,0,0,48.0
20,3,Thu,22,23,6,1,0,60.0
11,2,Wed,16,12,4,0,0,41.2
16,4,Fri,8,25,5,0,0,37.7
21,2,Wed,12,28,3,1,0,57.6
15,4,Fri,21,50,1,0,0,60.0
13,1,Tue,4,48,2,1,0,41.8
16,0,Mon,22,42,1,0,0,59.0
22,2,Wed,4,27,7,0,0,29.3
13,2,Wed,9,27,2,1,0,44.8
11,4,Fri,20,7,2,0,0,45.6
19,1,Tue,9,22,7,1,0,44.8
21,1,Tue,6,28,7,1,0,44.6
16,6,Sun,14,4,3,0,1,41.4
17,4,Fri,6,41,5,0,0,32.6
11,1,Tue,14,6,1,0,0,32.1
14,5,Sat,2,41,5,1,1,46.2
10,3,Thu,18,35,4,0,0,54.2
16,6,Sun,9,40,3,0,1,44.9
17,5,Sat,14,26,3,0,1,51.7
22,0,Mon,2,57,4,0,0,32.0
15,2,Wed,5,45,1,0,0,28.1
14,6,Sun,11,1,6,1,1,56.0
15,0,Mon,14,24,4,0,0,38.7
11,2,Wed,5,8,1,0,0,16.8
10,3,Thu,12,52,2,0,0,43.6
16,1,Tue,18,26,7,0,0,56.7
16,5,Sat,2,0,3,0,1,15.4
19,4,Fri,7,22,1,1,0,31.8
20,5,Sat,7,9,5,1,1,46.2
19,3,Thu,22,41,7,1,0,60.0
11,0,Mon,19,51,5,0,0,60.0
11,4,Fri,14,24,7,0,0,47.2
10,1,Tue,3,53,3,0,0,24.9
19,3,Thu,18,2,4,1,0,52.4
17,4,Fri,20,5,6,0,0,47.3
17,3,Thu,2,57,4,0,0,30.8
10,3,Thu,12,5,1,0,0,32.4
21,1,Tue,7,52,4,1,0,50.0
20,6,Sun,22,1,3,1,1,60.0
17,2,Wed,15,57,1,0,0,50.5
18,4,Fri,12,57,2,0,0,45.1
13,1,Tue,2,17,4,1,0,24.4
10,3,Thu,15,22,4,0,0,42.6
10,1,Tue,8,1,6,0,0,29.5
12,6,Sun,13,11,1,1,1,59.0
14,2,Wed,12,21,5,1,0,54.5
14,5,Sat,20,36,4,1,1,60.0
18,4,Fri,24,19,3,0,0,58.5
19,2,Wed,6,38,4,1,0,48.0
21,0,Mon,14,23,6,1,0,59.6
11,4,Fri,6,47,2,0,0,31.0
11,2,Wed,5,19,6,0,0,25.6
15,3,Thu,1,0,4,0,0,11.4
18,4,Fri,8,0,5,0,0,25.5
10,4,Fri,21,16,7,0,0,56.6
18,1,Tue,23,58,4,0,0,60.0
18,3,Thu,16,0,1,0,0,36.4
22,0,Mon,4,52,4,0,0,31.6
18,5,Sat,11,51,5,0,1,55.3
